customer_id,segment,region,is_mobile_first,prior_90d_orders
C000001,occasional,east,0,0
C000002,growth,south,1,1
C000003,new,north,1,1
C000004,occasional,north,1,0
C000005,high_value,east,1,4
C000006,new,east,0,0
C000007,occasional,east,1,2
C000008,occasional,north,1,1
C000009,high_value,east,0,2
C000010,occasional,north,1,3
C000011,growth,north,1,3
C000012,new,south,0,0
C000013,occasional,east,0,2
C000014,new,east,1,0
C000015,growth,west,0,2
C000016,growth,west,0,1
C000017,occasional,south,0,0
C000018,high_value,west,1,5
C000019,new,north,0,1
C000020,occasional,west,0,0
C000021,occasional,south,1,4
C000022,growth,west,0,6
C000023,new,west,0,0
C000024,new,east,1,1
C000025,occasional,west,0,0
C000026,growth,north,1,4
C000027,occasional,north,0,1
C000028,high_value,east,0,7
C000029,growth,east,1,0
C000030,occasional,north,1,0
C000031,occasional,east,1,1
C000032,new,north,0,0
C000033,growth,west,1,2
C000034,growth,north,0,2
C000035,occasional,south,1,0
C000036,growth,west,1,3
C000037,high_value,east,0,8
C000038,occasional,east,1,1
C000039,growth,east,1,2
C000040,occasional,west,1,1
C000041,growth,south,1,3
C000042,new,west,1,0
C000043,occasional,east,1,0
C000044,growth,west,1,3
C000045,new,east,1,0
C000046,new,north,1,0
C000047,growth,east,1,4
C000048,growth,west,1,1
C000049,occasional,north,0,1
C000050,high_value,west,1,4
C000051,growth,north,1,2
C000052,high_value,west,1,4
C000053,occasional,west,0,0
C000054,occasional,north,0,2
C000055,occasional,east,0,1
C000056,occasional,north,0,2
C000057,occasional,east,0,2
C000058,occasional,west,0,0
C000059,high_value,north,1,3
C000060,high_value,north,0,4
C000061,occasional,south,0,1
C000062,occasional,south,0,1
C000063,occasional,north,1,1
C000064,occasional,south,0,1
C000065,occasional,south,1,1
C000066,occasional,north,1,0
C000067,occasional,south,1,1
C000068,growth,north,1,5
C000069,high_value,west,0,2
C000070,growth,west,1,1
C000071,growth,south,1,2
C000072,growth,west,1,3
C000073,new,south,0,0
C000074,growth,west,0,1
C000075,high_value,north,0,7
C000076,growth,south,1,3
C000077,growth,east,0,2
C000078,occasional,north,0,1
C000079,occasional,west,1,0
C000080,occasional,south,1,1
C000081,occasional,south,1,2
C000082,growth,south,1,2
C000083,new,west,1,0
C000084,growth,north,1,2
C000085,high_value,west,1,3
C000086,high_value,west,1,7
C000087,occasional,west,1,4
C000088,occasional,west,0,1
C000089,growth,west,1,3
C000090,occasional,east,1,0
C000091,growth,south,0,0
C000092,occasional,south,1,1
C000093,growth,west,1,1
C000094,growth,south,1,3
C000095,growth,east,1,1
C000096,occasional,north,1,0
C000097,growth,south,1,1
C000098,high_value,south,1,3
C000099,high_value,south,1,8
C000100,new,east,0,1
C000101,new,east,1,0
C000102,occasional,south,1,0
C000103,growth,north,1,3
C000104,new,east,0,0
C000105,occasional,north,0,0
C000106,occasional,west,0,1
C000107,growth,west,1,2
C000108,growth,north,1,1
C000109,high_value,south,0,4
C000110,new,north,1,0
C000111,occasional,south,0,1
C000112,growth,north,1,3
C000113,growth,west,1,3
C000114,occasional,north,1,1
C000115,growth,east,1,0
C000116,new,east,0,0
C000117,occasional,north,1,0
C000118,occasional,west,1,2
C000119,growth,north,0,0
C000120,occasional,west,0,1
C000121,occasional,east,1,0
C000122,occasional,east,0,0
C000123,high_value,west,0,4
C000124,growth,south,1,2
C000125,high_value,south,0,6
C000126,occasional,north,0,0
C000127,growth,west,1,3
C000128,high_value,south,0,5
C000129,high_value,west,1,2
C000130,occasional,south,0,0
C000131,growth,west,1,3
C000132,new,west,0,0
C000133,occasional,south,1,4
C000134,growth,south,1,1
C000135,occasional,west,1,1
C000136,high_value,north,0,5
C000137,new,north,1,0
C000138,occasional,south,0,1
C000139,occasional,east,1,0
C000140,high_value,north,1,5
C000141,occasional,south,1,1
C000142,occasional,west,0,1
C000143,new,north,1,1
C000144,occasional,north,0,0
C000145,occasional,south,1,2
C000146,growth,north,0,2
C000147,growth,north,1,1
C000148,occasional,north,1,1
C000149,growth,north,1,2
C000150,high_value,west,1,6
C000151,new,north,1,0
C000152,new,east,1,0
C000153,high_value,east,1,2
C000154,occasional,east,0,1
C000155,high_value,east,1,1
C000156,occasional,south,0,1
C000157,growth,west,1,2
C000158,occasional,north,1,3
C000159,occasional,north,1,1
C000160,occasional,west,1,0
C000161,high_value,north,1,7
C000162,new,north,0,1
C000163,growth,north,0,3
C000164,high_value,north,1,4
C000165,occasional,north,1,2
C000166,growth,east,1,3
C000167,new,east,0,0
C000168,new,north,1,0
C000169,growth,west,1,1
C000170,new,north,1,1
C000171,growth,east,1,1
C000172,occasional,west,0,0
C000173,growth,east,1,4
C000174,new,south,1,0
C000175,growth,north,0,1
C000176,high_value,north,0,2
C000177,growth,west,1,1
C000178,new,south,1,0
C000179,new,north,0,1
C000180,occasional,east,1,1
C000181,new,east,1,1
C000182,new,north,1,0
C000183,occasional,north,1,1
C000184,growth,north,0,3
C000185,occasional,north,0,0
C000186,occasional,east,0,0
C000187,growth,north,0,4
C000188,high_value,east,1,5
C000189,occasional,north,0,2
C000190,growth,west,0,1
C000191,new,east,1,0
C000192,growth,south,1,2
C000193,high_value,south,1,3
C000194,new,north,1,0
C000195,growth,north,1,4
C000196,growth,east,1,2
C000197,occasional,north,1,2
C000198,new,east,1,0
C000199,growth,south,1,0
C000200,growth,north,1,4
C000201,occasional,east,1,2
C000202,new,east,0,0
C000203,occasional,east,1,0
C000204,high_value,north,1,9
C000205,high_value,east,1,2
C000206,growth,west,0,6
C000207,high_value,south,0,1
C000208,occasional,west,1,0
C000209,high_value,east,1,6
C000210,occasional,south,0,1
C000211,occasional,west,0,0
C000212,occasional,west,1,0
C000213,growth,north,1,1
C000214,new,west,1,1
C000215,occasional,north,1,0
C000216,occasional,north,0,0
C000217,high_value,north,0,3
C000218,high_value,south,0,3
C000219,new,west,0,0
C000220,growth,east,1,3
C000221,growth,east,0,2
C000222,occasional,north,1,1
C000223,occasional,east,1,0
C000224,new,south,0,0
C000225,growth,south,1,2
C000226,new,south,0,0
C000227,high_value,north,0,2
C000228,occasional,west,0,2
C000229,occasional,east,0,0
C000230,high_value,south,1,5
C000231,high_value,north,1,7
C000232,growth,west,0,5
C000233,new,south,1,0
C000234,occasional,south,0,0
C000235,new,east,1,0
C000236,new,north,1,0
C000237,occasional,east,1,0
C000238,occasional,west,0,1
C000239,high_value,south,0,7
C000240,high_value,north,0,2
C000241,new,north,1,1
C000242,occasional,north,1,3
C000243,growth,east,1,2
C000244,occasional,south,1,2
C000245,occasional,north,1,0
C000246,new,east,1,1
C000247,occasional,north,1,1
C000248,growth,south,1,1
C000249,growth,west,0,1
C000250,growth,north,0,4
C000251,occasional,north,1,1
C000252,new,south,1,0
C000253,occasional,east,0,1
C000254,growth,north,0,2
C000255,growth,west,0,1
C000256,occasional,north,1,4
C000257,new,west,1,0
C000258,high_value,east,0,6
C000259,high_value,north,1,3
C000260,occasional,north,1,1
C000261,high_value,north,0,4
C000262,new,south,1,1
C000263,growth,south,0,2
C000264,high_value,east,0,9
C000265,new,south,1,0
C000266,growth,east,0,5
C000267,growth,south,1,4
C000268,growth,south,0,0
C000269,high_value,south,0,5
C000270,high_value,south,0,5
C000271,high_value,west,1,3
C000272,growth,north,0,3
C000273,high_value,south,0,1
C000274,occasional,west,0,1
C000275,occasional,east,1,2
C000276,growth,north,1,1
C000277,growth,west,0,2
C000278,occasional,north,1,2
C000279,new,north,1,0
C000280,new,south,0,0
C000281,high_value,east,0,3
C000282,growth,north,0,4
C000283,growth,west,1,3
C000284,growth,north,1,1
C000285,occasional,west,1,1
C000286,growth,north,1,6
C000287,high_value,south,0,2
C000288,growth,east,1,2
C000289,occasional,south,1,0
C000290,high_value,east,1,5
C000291,new,east,1,0
C000292,high_value,east,0,6
C000293,new,south,0,1
C000294,high_value,west,1,5
C000295,new,east,1,0
C000296,new,south,1,0
C000297,new,east,1,2
C000298,new,west,0,0
C000299,occasional,west,0,1
C000300,occasional,east,1,0
C000301,occasional,west,0,1
C000302,high_value,west,1,5
C000303,occasional,south,1,1
C000304,occasional,east,1,3
C000305,new,north,1,0
C000306,occasional,south,1,1
C000307,growth,west,0,4
C000308,occasional,south,0,1
C000309,growth,west,1,2
C000310,high_value,south,0,9
C000311,occasional,north,1,1
C000312,growth,north,1,4
C000313,growth,east,1,1
C000314,growth,south,1,2
C000315,growth,east,1,3
C000316,growth,north,0,1
C000317,growth,south,0,1
C000318,occasional,north,1,0
C000319,growth,south,0,3
C000320,new,west,1,0
C000321,new,north,0,0
C000322,occasional,east,1,0
C000323,growth,north,1,3
C000324,occasional,east,0,2
C000325,new,west,1,1
C000326,occasional,south,1,0
C000327,new,north,1,1
C000328,occasional,east,1,1
C000329,occasional,south,1,1
C000330,growth,west,1,4
C000331,occasional,west,0,1
C000332,growth,east,1,0
C000333,occasional,east,1,1
C000334,new,east,0,0
C000335,high_value,east,0,6
C000336,occasional,south,0,1
C000337,high_value,west,1,1
C000338,occasional,south,1,0
C000339,high_value,north,1,5
C000340,new,east,1,0
C000341,high_value,east,1,6
C000342,new,west,1,0
C000343,new,south,0,1
C000344,occasional,south,1,2
C000345,occasional,east,0,0
C000346,occasional,south,1,1
C000347,new,west,1,0
C000348,growth,south,0,4
C000349,occasional,west,0,1
C000350,high_value,south,1,2
C000351,occasional,north,0,1
C000352,growth,west,1,1
C000353,occasional,east,1,2
C000354,occasional,east,0,1
C000355,occasional,east,0,1
C000356,occasional,south,1,1
C000357,occasional,west,0,2
C000358,occasional,south,0,1
C000359,occasional,west,1,1
C000360,occasional,south,1,0
C000361,new,north,1,0
C000362,high_value,north,1,4
C000363,high_value,west,0,5
C000364,high_value,east,1,1
C000365,occasional,south,0,3
C000366,growth,west,1,9
C000367,occasional,east,0,1
C000368,occasional,east,0,0
C000369,growth,east,0,2
C000370,new,north,0,0
C000371,occasional,north,0,1
C000372,growth,east,1,2
C000373,growth,north,0,3
C000374,growth,east,0,4
C000375,growth,north,1,7
C000376,high_value,south,1,4
C000377,new,east,0,1
C000378,growth,east,1,2
C000379,growth,west,1,0
C000380,occasional,east,1,1
C000381,occasional,north,1,0
C000382,new,west,1,0
C000383,occasional,north,1,1
C000384,occasional,north,0,0
C000385,growth,west,1,1
C000386,new,north,1,0
C000387,occasional,east,0,3
C000388,new,south,0,0
C000389,high_value,west,1,1
C000390,new,north,1,0
C000391,occasional,north,0,0
C000392,high_value,south,0,3
C000393,occasional,south,1,1
C000394,occasional,west,1,0
C000395,high_value,east,0,5
C000396,occasional,north,0,0
C000397,new,west,1,0
C000398,growth,south,0,1
C000399,occasional,west,0,4
C000400,growth,west,0,2
C000401,growth,north,0,1
C000402,new,east,0,2
C000403,occasional,south,1,0
C000404,high_value,south,1,2
C000405,new,south,0,0
C000406,new,east,0,1
C000407,growth,south,1,2
C000408,new,north,1,0
C000409,high_value,south,0,6
C000410,new,north,0,0
C000411,occasional,west,1,2
C000412,occasional,east,1,0
C000413,high_value,south,1,4
C000414,new,south,0,0
C000415,high_value,north,0,2
C000416,growth,south,1,2
C000417,high_value,west,1,6
C000418,occasional,north,0,1
C000419,growth,north,1,0
C000420,new,west,0,0
C000421,occasional,east,1,2
C000422,high_value,north,1,4
C000423,high_value,south,1,9
C000424,high_value,east,1,1
C000425,occasional,south,1,3
C000426,new,south,0,0
C000427,growth,east,1,0
C000428,new,east,1,1
C000429,high_value,west,0,4
C000430,new,north,0,0
C000431,new,south,1,0
C000432,occasional,north,1,1
C000433,occasional,east,1,2
C000434,new,east,1,1
C000435,high_value,south,0,1
C000436,growth,east,1,2
C000437,high_value,south,1,0
C000438,occasional,north,0,2
C000439,occasional,east,1,1
C000440,occasional,south,1,1
C000441,new,south,1,0
C000442,growth,south,0,3
C000443,occasional,west,0,2
C000444,growth,north,1,3
C000445,growth,south,0,2
C000446,occasional,east,1,2
C000447,new,north,1,1
C000448,occasional,north,1,2
C000449,high_value,east,1,3
C000450,occasional,east,1,0
C000451,high_value,east,0,4
C000452,new,north,1,0
C000453,occasional,west,0,0
C000454,growth,south,0,1
C000455,high_value,north,1,5
C000456,growth,south,1,3
C000457,new,north,1,1
C000458,occasional,south,1,2
C000459,occasional,south,1,1
C000460,occasional,south,0,0
C000461,occasional,south,0,0
C000462,high_value,west,1,5
C000463,new,west,1,0
C000464,growth,south,1,4
C000465,occasional,west,0,1
C000466,occasional,west,1,0
C000467,occasional,west,1,0
C000468,new,north,0,0
C000469,high_value,south,1,4
C000470,occasional,south,1,0
C000471,growth,north,0,2
C000472,occasional,north,1,1
C000473,high_value,east,1,9
C000474,high_value,south,1,7
C000475,growth,west,1,1
C000476,growth,east,0,3
C000477,growth,north,1,0
C000478,occasional,west,0,0
C000479,occasional,south,1,3
C000480,growth,east,0,1
C000481,growth,west,0,2
C000482,growth,east,1,3
C000483,occasional,north,0,1
C000484,growth,north,0,4
C000485,high_value,south,0,6
C000486,growth,north,1,2
C000487,occasional,north,0,0
C000488,growth,west,1,3
C000489,occasional,north,0,1
C000490,occasional,north,0,0
C000491,occasional,east,1,0
C000492,occasional,north,0,0
C000493,occasional,south,0,2
C000494,growth,west,1,2
C000495,occasional,east,1,0
C000496,occasional,west,1,0
C000497,growth,south,1,3
C000498,occasional,east,1,0
C000499,growth,north,0,2
C000500,occasional,south,1,0
C000501,occasional,north,0,1
C000502,new,west,0,1
C000503,new,north,0,0
C000504,occasional,north,1,1
C000505,occasional,south,1,0
C000506,occasional,south,0,1
C000507,growth,south,1,3
C000508,new,south,1,1
C000509,occasional,south,0,1
C000510,high_value,west,1,4
C000511,high_value,east,1,8
C000512,new,west,1,1
C000513,high_value,west,1,4
C000514,growth,east,0,1
C000515,growth,west,1,0
C000516,growth,north,0,4
C000517,growth,west,0,4
C000518,occasional,south,1,0
C000519,high_value,east,1,5
C000520,new,north,1,0
C000521,new,north,0,0
C000522,growth,west,0,3
C000523,growth,south,1,1
C000524,occasional,north,1,4
C000525,high_value,east,1,3
C000526,growth,north,1,4
C000527,new,south,1,0
C000528,new,east,1,0
C000529,occasional,east,0,1
C000530,growth,south,1,6
C000531,occasional,south,1,2
C000532,occasional,west,0,0
C000533,growth,north,0,6
C000534,occasional,north,1,0
C000535,high_value,north,0,4
C000536,growth,west,1,4
C000537,occasional,south,0,0
C000538,growth,north,1,3
C000539,growth,north,0,2
C000540,new,north,1,0
C000541,new,west,0,0
C000542,occasional,south,0,0
C000543,new,north,1,0
C000544,new,north,1,0
C000545,high_value,east,1,6
C000546,growth,east,1,1
C000547,growth,west,0,2
C000548,high_value,north,0,1
C000549,occasional,north,1,0
C000550,growth,north,1,1
C000551,occasional,south,0,2
C000552,growth,east,1,1
C000553,growth,east,0,2
C000554,new,north,1,1
C000555,high_value,east,1,6
C000556,growth,east,1,2
C000557,growth,north,1,3
C000558,occasional,east,0,0
C000559,occasional,south,1,1
C000560,occasional,north,0,0
C000561,high_value,south,0,3
C000562,growth,west,1,3
C000563,new,east,1,1
C000564,occasional,south,0,2
C000565,occasional,west,0,0
C000566,occasional,south,1,1
C000567,occasional,south,1,0
C000568,high_value,north,0,2
C000569,growth,west,1,2
C000570,occasional,west,0,2
C000571,growth,north,1,6
C000572,new,east,0,0
C000573,occasional,west,1,1
C000574,occasional,east,0,0
C000575,new,north,1,0
C000576,occasional,west,1,2
C000577,new,south,1,0
C000578,occasional,south,0,0
C000579,new,south,1,0
C000580,growth,west,1,1
C000581,occasional,east,0,1
C000582,occasional,east,1,0
C000583,high_value,west,1,4
C000584,growth,west,0,5
C000585,new,west,0,0
C000586,occasional,west,0,1
C000587,growth,west,1,1
C000588,growth,west,1,2
C000589,growth,east,0,1
C000590,high_value,north,1,1
C000591,new,north,0,0
C000592,growth,west,1,1
C000593,growth,south,0,3
C000594,occasional,west,0,1
C000595,high_value,west,1,6
C000596,growth,east,1,5
C000597,occasional,west,1,0
C000598,occasional,south,1,1
C000599,new,south,0,0
C000600,occasional,west,1,1
C000601,occasional,west,1,0
C000602,occasional,north,1,1
C000603,new,west,0,0
C000604,occasional,south,1,1
C000605,new,west,1,0
C000606,occasional,east,0,1
C000607,new,east,1,0
C000608,high_value,north,1,7
C000609,occasional,south,0,1
C000610,growth,east,1,2
C000611,occasional,west,0,1
C000612,occasional,north,0,2
C000613,new,north,0,0
C000614,new,east,1,0
C000615,growth,south,1,2
C000616,occasional,west,1,0
C000617,occasional,north,1,1
C000618,growth,south,1,1
C000619,high_value,north,1,4
C000620,high_value,east,0,6
C000621,occasional,west,1,0
C000622,occasional,north,0,1
C000623,new,south,0,0
C000624,occasional,west,0,0
C000625,new,north,0,0
C000626,growth,west,0,2
C000627,occasional,west,1,0
C000628,high_value,north,1,3
C000629,occasional,north,0,1
C000630,new,east,0,1
C000631,new,north,0,1
C000632,new,east,0,0
C000633,high_value,north,1,12
C000634,growth,east,1,0
C000635,high_value,south,0,5
C000636,high_value,east,1,5
C000637,occasional,west,1,1
C000638,occasional,south,0,3
C000639,occasional,east,0,0
C000640,new,east,1,2
C000641,occasional,west,0,1
C000642,new,north,1,0
C000643,high_value,north,0,8
C000644,growth,south,1,0
C000645,occasional,east,0,2
C000646,new,west,1,0
C000647,high_value,south,1,3
C000648,occasional,north,1,1
C000649,occasional,east,1,1
C000650,high_value,east,1,7
C000651,growth,south,0,2
C000652,new,north,0,0
C000653,occasional,west,1,0
C000654,growth,west,0,2
C000655,new,east,0,0
C000656,growth,east,0,6
C000657,new,south,1,1
C000658,growth,south,1,6
C000659,occasional,north,0,1
C000660,growth,north,1,0
C000661,growth,south,1,3
C000662,new,south,0,0
C000663,growth,north,1,4
C000664,high_value,west,0,5
C000665,growth,south,1,2
C000666,occasional,east,0,0
C000667,new,south,0,0
C000668,new,south,0,0
C000669,growth,west,0,2
C000670,growth,east,0,3
C000671,high_value,west,1,5
C000672,occasional,south,0,0
C000673,new,south,0,1
C000674,occasional,south,1,0
C000675,occasional,east,1,1
C000676,growth,south,1,6
C000677,new,south,1,0
C000678,occasional,north,0,0
C000679,high_value,east,1,3
C000680,growth,east,1,2
C000681,high_value,east,1,5
C000682,growth,west,1,2
C000683,high_value,west,0,6
C000684,occasional,west,1,0
C000685,occasional,north,1,2
C000686,growth,west,1,1
C000687,growth,south,0,4
C000688,new,south,0,0
C000689,occasional,south,1,2
C000690,occasional,south,1,0
C000691,growth,west,1,1
C000692,new,east,1,0
C000693,growth,west,0,2
C000694,growth,west,1,5
C000695,new,south,1,0
C000696,occasional,east,1,1
C000697,occasional,east,1,0
C000698,occasional,south,1,1
C000699,occasional,east,1,2
C000700,growth,east,1,1
C000701,growth,west,1,5
C000702,growth,west,1,2
C000703,growth,east,0,5
C000704,new,west,1,0
C000705,growth,north,1,1
C000706,occasional,west,1,1
C000707,occasional,south,0,2
C000708,occasional,south,0,2
C000709,growth,west,0,2
C000710,occasional,south,0,2
C000711,new,west,0,1
C000712,occasional,south,1,1
C000713,new,south,0,0
C000714,new,south,0,0
C000715,occasional,south,1,3
C000716,growth,west,1,1
C000717,occasional,north,1,1
C000718,high_value,east,1,4
C000719,occasional,west,0,0
C000720,new,south,1,0
C000721,occasional,east,0,1
C000722,growth,south,0,0
C000723,high_value,north,1,5
C000724,new,east,1,0
C000725,high_value,west,1,6
C000726,high_value,east,0,1
C000727,growth,south,1,3
C000728,high_value,north,1,5
C000729,occasional,west,1,0
C000730,occasional,west,0,1
C000731,growth,west,1,0
C000732,high_value,south,1,5
C000733,high_value,east,0,6
C000734,growth,south,1,3
C000735,high_value,north,1,3
C000736,occasional,north,1,1
C000737,growth,south,1,0
C000738,growth,east,1,2
C000739,growth,north,0,2
C000740,growth,east,0,5
C000741,high_value,south,1,6
C000742,high_value,west,1,3
C000743,new,south,1,0
C000744,high_value,north,0,4
C000745,occasional,south,0,0
C000746,occasional,west,0,1
C000747,growth,south,0,4
C000748,growth,east,0,3
C000749,occasional,west,0,2
C000750,new,south,1,1
C000751,growth,east,0,4
C000752,growth,north,0,3
C000753,growth,south,1,2
C000754,occasional,south,1,1
C000755,occasional,east,1,1
C000756,growth,west,1,0
C000757,growth,south,0,3
C000758,new,south,1,0
C000759,high_value,west,1,8
C000760,occasional,south,1,1
C000761,occasional,east,0,0
C000762,growth,east,1,3
C000763,high_value,north,0,5
C000764,high_value,west,1,3
C000765,new,south,1,0
C000766,high_value,east,1,4
C000767,growth,south,1,1
C000768,high_value,west,0,10
C000769,high_value,east,0,3
C000770,occasional,north,1,0
C000771,growth,north,1,2
C000772,occasional,west,0,1
C000773,occasional,east,0,0
C000774,new,south,1,0
C000775,high_value,north,0,4
C000776,new,north,1,0
C000777,occasional,west,1,0
C000778,growth,west,0,1
C000779,occasional,south,0,1
C000780,new,north,0,0
C000781,growth,south,1,2
C000782,new,north,1,0
C000783,occasional,east,0,1
C000784,occasional,east,1,0
C000785,new,west,1,0
C000786,growth,south,0,3
C000787,new,north,1,2
C000788,growth,north,1,1
C000789,occasional,south,1,0
C000790,occasional,east,0,2
C000791,growth,north,1,6
C000792,growth,west,1,3
C000793,growth,south,1,3
C000794,high_value,west,1,6
C000795,high_value,south,1,5
C000796,growth,north,1,3
C000797,high_value,north,1,4
C000798,growth,east,1,1
C000799,occasional,east,1,0
C000800,occasional,west,1,0
C000801,occasional,west,1,4
C000802,growth,north,1,3
C000803,new,south,0,0
C000804,occasional,north,0,2
C000805,high_value,north,1,4
C000806,high_value,north,0,3
C000807,occasional,north,0,1
C000808,growth,east,1,1
C000809,occasional,north,1,2
C000810,new,north,0,0
C000811,high_value,north,1,1
C000812,high_value,east,1,2
C000813,new,east,0,1
C000814,occasional,west,1,1
C000815,high_value,north,0,5
C000816,new,north,1,0
C000817,new,south,1,1
C000818,occasional,east,1,0
C000819,occasional,north,1,0
C000820,growth,north,0,0
C000821,high_value,south,0,6
C000822,occasional,north,0,4
C000823,growth,south,1,2
C000824,occasional,west,1,2
C000825,new,east,1,0
C000826,high_value,south,1,4
C000827,occasional,south,0,0
C000828,growth,west,1,3
C000829,new,east,1,0
C000830,growth,east,1,2
C000831,occasional,west,0,1
C000832,occasional,north,1,3
C000833,growth,north,0,1
C000834,occasional,south,0,0
C000835,occasional,south,0,0
C000836,occasional,north,1,1
C000837,occasional,north,1,0
C000838,new,west,1,0
C000839,growth,east,0,1
C000840,occasional,east,0,0
C000841,high_value,north,1,4
C000842,occasional,south,1,2
C000843,occasional,east,1,3
C000844,growth,east,0,1
C000845,high_value,east,1,3
C000846,new,east,1,0
C000847,growth,south,0,2
C000848,occasional,west,1,1
C000849,high_value,south,1,10
C000850,new,north,1,0
C000851,growth,west,1,5
C000852,growth,north,0,1
C000853,new,south,1,0
C000854,new,north,1,1
C000855,growth,north,1,2
C000856,occasional,south,1,2
C000857,occasional,north,0,0
C000858,new,south,0,0
C000859,growth,west,1,2
C000860,occasional,north,1,4
C000861,occasional,west,1,0
C000862,occasional,south,1,1
C000863,occasional,east,1,0
C000864,occasional,south,0,1
C000865,high_value,south,1,4
C000866,new,north,1,2
C000867,new,east,1,0
C000868,occasional,west,0,1
C000869,high_value,east,1,2
C000870,growth,east,0,1
C000871,occasional,east,1,2
C000872,high_value,south,0,2
C000873,new,north,0,0
C000874,growth,east,1,4
C000875,occasional,west,1,0
C000876,new,south,1,0
C000877,growth,west,0,2
C000878,growth,west,0,1
C000879,occasional,north,1,0
C000880,occasional,east,1,2
C000881,growth,east,1,1
C000882,occasional,south,1,1
C000883,new,east,0,1
C000884,occasional,west,1,1
C000885,growth,east,1,1
C000886,growth,west,0,3
C000887,growth,west,0,4
C000888,high_value,west,0,4
C000889,growth,west,1,1
C000890,occasional,north,0,1
C000891,growth,north,1,2
C000892,new,north,1,0
C000893,growth,north,1,3
C000894,high_value,east,0,5
C000895,occasional,east,1,2
C000896,new,south,0,0
C000897,growth,north,0,3
C000898,growth,east,0,1
C000899,growth,south,0,3
C000900,occasional,west,0,1
C000901,occasional,north,1,1
C000902,growth,south,1,3
C000903,high_value,north,0,8
C000904,occasional,south,1,1
C000905,new,west,1,0
C000906,occasional,south,0,0
C000907,occasional,south,1,2
C000908,high_value,south,0,5
C000909,growth,south,1,1
C000910,growth,east,0,2
C000911,occasional,west,1,0
C000912,new,east,0,0
C000913,new,east,0,0
C000914,new,south,1,0
C000915,new,north,1,0
C000916,new,east,1,0
C000917,high_value,west,1,3
C000918,high_value,east,1,6
C000919,growth,north,1,2
C000920,occasional,east,0,1
C000921,high_value,west,1,6
C000922,new,north,1,0
C000923,occasional,north,1,1
C000924,occasional,east,1,1
C000925,growth,south,1,1
C000926,growth,east,0,2
C000927,growth,east,0,1
C000928,new,south,1,0
C000929,occasional,north,0,1
C000930,occasional,east,1,2
C000931,growth,south,1,0
C000932,growth,west,0,2
C000933,growth,south,1,2
C000934,occasional,north,1,0
C000935,occasional,west,0,0
C000936,growth,east,1,2
C000937,new,east,1,0
C000938,high_value,west,1,2
C000939,new,west,0,0
C000940,high_value,west,0,6
C000941,growth,west,0,0
C000942,new,south,1,0
C000943,growth,north,0,8
C000944,growth,east,1,4
C000945,growth,west,1,1
C000946,growth,west,1,6
C000947,occasional,east,0,0
C000948,new,east,1,0
C000949,new,east,0,0
C000950,growth,north,1,2
C000951,occasional,north,1,1
C000952,growth,north,0,3
C000953,growth,west,0,2
C000954,growth,west,1,1
C000955,new,south,0,0
C000956,new,south,1,0
C000957,occasional,south,0,0
C000958,occasional,north,1,0
C000959,occasional,south,1,0
C000960,occasional,south,1,1
C000961,occasional,east,1,1
C000962,growth,west,1,2
C000963,high_value,north,1,8
C000964,high_value,south,0,6
C000965,new,west,1,0
C000966,occasional,west,1,0
C000967,new,west,1,1
C000968,growth,east,0,4
C000969,occasional,north,1,1
C000970,growth,west,1,2
C000971,growth,east,0,3
C000972,high_value,west,1,10
C000973,high_value,west,0,2
C000974,new,south,1,0
C000975,growth,north,0,1
C000976,occasional,east,1,1
C000977,occasional,south,0,3
C000978,growth,north,0,0
C000979,occasional,south,1,1
C000980,growth,west,1,3
C000981,new,south,1,0
C000982,new,south,1,0
C000983,occasional,east,0,0
C000984,occasional,east,1,1
C000985,growth,south,1,5
C000986,new,west,0,0
C000987,growth,east,0,3
C000988,high_value,north,0,5
C000989,growth,south,1,4
C000990,occasional,west,1,0
C000991,occasional,north,1,0
C000992,occasional,north,1,1
C000993,occasional,east,1,2
C000994,growth,south,1,3
C000995,new,south,1,0
C000996,growth,south,1,1
C000997,occasional,north,1,0
C000998,high_value,south,1,5
C000999,new,north,1,0
C001000,growth,east,1,2
C001001,high_value,east,0,3
C001002,occasional,west,0,1
C001003,high_value,north,1,4
C001004,growth,south,1,3
C001005,occasional,south,1,1
C001006,growth,east,1,5
C001007,new,east,1,0
C001008,growth,west,0,3
C001009,occasional,west,1,1
C001010,occasional,west,1,1
C001011,occasional,north,0,0
C001012,occasional,north,1,3
C001013,occasional,west,1,1
C001014,new,west,1,0
C001015,growth,south,0,2
C001016,growth,north,1,1
C001017,occasional,east,0,1
C001018,new,east,0,0
C001019,high_value,west,1,4
C001020,growth,east,0,4
C001021,new,west,1,0
C001022,occasional,west,1,1
C001023,new,north,1,0
C001024,occasional,north,0,0
C001025,occasional,west,1,0
C001026,growth,north,1,4
C001027,new,north,0,0
C001028,growth,west,1,2
C001029,occasional,north,0,2
C001030,growth,north,0,1
C001031,occasional,north,1,4
C001032,occasional,south,0,1
C001033,occasional,east,0,0
C001034,new,east,1,0
C001035,growth,west,0,2
C001036,occasional,east,0,1
C001037,growth,west,0,1
C001038,growth,north,0,4
C001039,growth,south,1,1
C001040,high_value,south,1,6
C001041,high_value,north,1,7
C001042,occasional,west,1,2
C001043,occasional,north,0,3
C001044,occasional,south,0,2
C001045,high_value,south,1,4
C001046,growth,north,1,5
C001047,growth,west,0,4
C001048,occasional,north,1,0
C001049,new,north,0,1
C001050,growth,south,0,1
C001051,occasional,north,1,1
C001052,high_value,west,1,3
C001053,growth,north,0,3
C001054,high_value,south,1,5
C001055,growth,south,0,2
C001056,occasional,north,1,3
C001057,new,north,1,0
C001058,growth,east,1,5
C001059,occasional,north,0,1
C001060,occasional,north,0,0
C001061,new,south,0,1
C001062,occasional,south,1,0
C001063,growth,south,0,6
C001064,occasional,west,1,3
C001065,growth,south,1,2
C001066,new,east,0,0
C001067,growth,west,1,2
C001068,occasional,north,0,0
C001069,high_value,east,1,3
C001070,growth,south,1,4
C001071,new,east,1,2
C001072,occasional,north,0,3
C001073,growth,south,1,1
C001074,new,north,0,0
C001075,new,west,1,1
C001076,growth,east,0,0
C001077,occasional,north,1,0
C001078,occasional,east,1,2
C001079,occasional,west,0,1
C001080,growth,east,0,3
C001081,growth,south,1,3
C001082,new,west,1,0
C001083,new,north,1,0
C001084,new,north,0,0
C001085,new,north,0,1
C001086,occasional,west,0,1
C001087,occasional,east,0,0
C001088,occasional,east,0,1
C001089,occasional,east,1,2
C001090,occasional,south,1,2
C001091,growth,north,0,2
C001092,occasional,west,1,1
C001093,growth,west,1,4
C001094,growth,north,0,1
C001095,occasional,north,0,0
C001096,growth,east,0,4
C001097,growth,north,1,4
C001098,new,east,0,0
C001099,new,west,1,1
C001100,growth,south,1,3
C001101,high_value,south,0,7
C001102,growth,west,0,4
C001103,occasional,south,0,1
C001104,new,north,0,0
C001105,high_value,north,0,5
C001106,occasional,west,1,0
C001107,high_value,west,1,5
C001108,growth,north,0,1
C001109,new,west,0,0
C001110,growth,north,1,1
C001111,growth,north,1,5
C001112,growth,south,1,1
C001113,occasional,south,1,0
C001114,new,west,0,0
C001115,new,east,1,0
C001116,high_value,north,1,5
C001117,high_value,east,0,6
C001118,occasional,west,1,0
C001119,growth,east,1,2
C001120,new,north,1,0
C001121,occasional,north,1,2
C001122,high_value,south,1,5
C001123,new,south,1,1
C001124,growth,south,1,3
C001125,growth,north,1,0
C001126,occasional,north,1,0
C001127,occasional,east,1,1
C001128,occasional,west,0,3
C001129,occasional,east,1,4
C001130,new,south,1,0
C001131,new,west,0,1
C001132,occasional,east,1,3
C001133,high_value,east,1,3
C001134,occasional,east,0,0
C001135,new,west,1,0
C001136,growth,east,1,3
C001137,occasional,east,0,2
C001138,growth,east,0,1
C001139,high_value,west,1,5
C001140,occasional,west,1,0
C001141,growth,south,1,2
C001142,occasional,east,0,0
C001143,new,north,1,1
C001144,new,east,1,1
C001145,growth,west,1,1
C001146,growth,east,0,0
C001147,occasional,south,1,0
C001148,new,east,1,1
C001149,occasional,south,1,0
C001150,new,south,0,0
C001151,high_value,north,1,3
C001152,new,east,0,1
C001153,high_value,north,1,3
C001154,growth,south,1,2
C001155,occasional,west,1,2
C001156,high_value,west,1,2
C001157,high_value,south,1,5
C001158,high_value,west,0,4
C001159,growth,north,1,1
C001160,occasional,west,0,1
C001161,high_value,south,1,6
C001162,occasional,west,1,0
C001163,new,west,1,0
C001164,growth,east,1,2
C001165,high_value,east,1,7
C001166,new,east,0,0
C001167,new,north,0,0
C001168,occasional,north,0,0
C001169,new,south,0,0
C001170,high_value,south,1,2
C001171,growth,east,1,2
C001172,occasional,south,1,0
C001173,growth,east,0,1
C001174,occasional,north,1,1
C001175,occasional,north,1,0
C001176,occasional,west,0,0
C001177,occasional,west,1,0
C001178,growth,west,0,4
C001179,growth,south,1,1
C001180,growth,east,0,4
C001181,occasional,east,0,2
C001182,high_value,south,1,4
C001183,high_value,east,1,5
C001184,growth,east,1,2
C001185,growth,south,1,2
C001186,new,south,1,0
C001187,growth,south,1,1
C001188,new,west,1,1
C001189,high_value,west,1,0
C001190,occasional,west,1,3
C001191,growth,west,0,2
C001192,growth,south,1,2
C001193,new,west,1,0
C001194,new,north,1,1
C001195,new,west,1,1
C001196,growth,south,0,3
C001197,growth,south,1,3
C001198,occasional,north,0,2
C001199,growth,north,0,2
C001200,occasional,south,0,0
C001201,occasional,east,0,0
C001202,occasional,north,0,2
C001203,new,west,1,0
C001204,occasional,north,1,0
C001205,high_value,west,0,1
C001206,high_value,south,1,2
C001207,occasional,south,1,1
C001208,occasional,north,1,1
C001209,growth,west,1,3
C001210,growth,east,1,2
C001211,occasional,north,1,2
C001212,new,north,1,0
C001213,occasional,east,1,1
C001214,growth,west,1,3
C001215,growth,north,0,3
C001216,occasional,north,1,1
C001217,growth,east,0,2
C001218,occasional,north,1,0
C001219,occasional,south,1,0
C001220,high_value,north,0,8
C001221,high_value,south,0,1
C001222,growth,east,0,2
C001223,new,south,0,0
C001224,occasional,south,0,0
C001225,growth,south,0,4
C001226,new,east,0,0
C001227,occasional,north,0,1
C001228,occasional,north,1,2
C001229,new,north,1,1
C001230,high_value,west,1,6
C001231,growth,east,1,4
C001232,occasional,north,0,2
C001233,growth,south,1,2
C001234,occasional,south,1,1
C001235,growth,north,0,0
C001236,high_value,west,1,4
C001237,growth,west,0,2
C001238,growth,north,1,6
C001239,growth,north,1,3
C001240,high_value,south,1,5
C001241,new,east,1,1
C001242,growth,west,1,4
C001243,growth,south,1,3
C001244,high_value,south,1,4
C001245,growth,north,1,3
C001246,growth,north,0,1
C001247,occasional,north,1,0
C001248,growth,south,1,1
C001249,new,east,1,1
C001250,new,north,0,0
C001251,high_value,north,0,5
C001252,high_value,west,0,5
C001253,high_value,west,0,7
C001254,occasional,east,1,3
C001255,high_value,east,0,3
C001256,new,east,1,0
C001257,occasional,south,0,0
C001258,new,north,1,0
C001259,occasional,south,1,0
C001260,new,east,0,0
C001261,high_value,east,0,3
C001262,growth,east,0,2
C001263,growth,east,1,3
C001264,new,north,1,0
C001265,occasional,east,1,2
C001266,new,west,1,1
C001267,growth,east,1,2
C001268,new,east,1,0
C001269,occasional,north,0,1
C001270,occasional,west,1,0
C001271,new,south,0,0
C001272,growth,south,0,4
C001273,growth,south,1,3
C001274,occasional,north,1,0
C001275,high_value,west,1,8
C001276,growth,east,1,4
C001277,growth,south,0,2
C001278,high_value,west,1,5
C001279,new,north,1,0
C001280,occasional,south,0,0
C001281,growth,east,0,0
C001282,growth,north,0,2
C001283,growth,east,1,1
C001284,occasional,west,0,0
C001285,new,east,1,0
C001286,new,north,1,0
C001287,growth,east,0,1
C001288,growth,south,0,2
C001289,occasional,east,1,1
C001290,occasional,east,1,0
C001291,occasional,north,1,4
C001292,occasional,north,0,1
C001293,occasional,north,0,2
C001294,growth,north,1,0
C001295,growth,south,1,3
C001296,growth,north,0,1
C001297,high_value,west,0,4
C001298,growth,west,1,2
C001299,occasional,north,1,2
C001300,growth,south,0,6
C001301,growth,east,1,0
C001302,occasional,east,1,1
C001303,occasional,east,0,1
C001304,growth,west,1,2
C001305,new,east,0,0
C001306,new,east,1,0
C001307,occasional,east,1,2
C001308,occasional,east,1,3
C001309,high_value,south,0,4
C001310,new,east,1,0
C001311,growth,west,1,2
C001312,new,south,1,1
C001313,occasional,north,1,2
C001314,high_value,east,0,3
C001315,high_value,west,0,6
C001316,occasional,west,0,2
C001317,occasional,east,1,0
C001318,high_value,west,1,3
C001319,occasional,south,0,0
C001320,new,south,1,0
C001321,occasional,south,0,1
C001322,occasional,south,1,1
C001323,high_value,east,1,7
C001324,occasional,west,1,1
C001325,growth,south,1,3
C001326,new,north,1,0
C001327,growth,west,1,0
C001328,occasional,west,1,1
C001329,growth,west,1,2
C001330,growth,south,0,1
C001331,occasional,east,1,4
C001332,occasional,east,0,2
C001333,occasional,west,1,1
C001334,new,west,1,1
C001335,new,west,1,2
C001336,new,south,0,0
C001337,growth,north,1,2
C001338,occasional,north,0,0
C001339,new,west,1,0
C001340,growth,west,0,0
C001341,high_value,north,0,6
C001342,new,south,0,0
C001343,occasional,north,1,0
C001344,occasional,south,0,2
C001345,new,east,1,0
C001346,occasional,east,0,1
C001347,growth,south,1,1
C001348,growth,south,1,2
C001349,growth,east,1,2
C001350,high_value,east,0,7
C001351,occasional,north,1,1
C001352,new,north,1,0
C001353,growth,south,1,1
C001354,growth,south,0,0
C001355,new,west,1,0
C001356,high_value,west,0,3
C001357,occasional,east,1,0
C001358,occasional,north,0,0
C001359,occasional,north,0,1
C001360,growth,south,0,6
C001361,occasional,east,0,1
C001362,growth,east,1,3
C001363,occasional,north,1,0
C001364,high_value,west,0,4
C001365,occasional,south,1,0
C001366,occasional,east,1,2
C001367,growth,north,0,2
C001368,high_value,west,1,6
C001369,growth,east,1,3
C001370,growth,north,0,3
C001371,high_value,south,1,7
C001372,new,south,1,0
C001373,growth,north,1,0
C001374,new,west,1,0
C001375,new,west,0,0
C001376,high_value,west,0,3
C001377,occasional,south,1,1
C001378,new,east,1,2
C001379,occasional,south,1,0
C001380,growth,south,1,4
C001381,growth,east,0,4
C001382,high_value,south,0,5
C001383,occasional,west,1,1
C001384,new,north,0,0
C001385,new,north,0,0
C001386,high_value,west,1,0
C001387,occasional,west,0,1
C001388,growth,west,1,0
C001389,new,south,1,0
C001390,high_value,south,1,1
C001391,new,north,0,0
C001392,new,south,0,0
C001393,high_value,east,1,6
C001394,high_value,south,1,3
C001395,new,south,0,0
C001396,growth,north,1,1
C001397,occasional,south,1,1
C001398,new,east,1,0
C001399,occasional,east,0,3
C001400,growth,east,0,1
C001401,growth,west,0,3
C001402,high_value,north,1,3
C001403,new,south,1,0
C001404,growth,east,1,3
C001405,growth,south,1,2
C001406,growth,west,1,2
C001407,new,north,0,1
C001408,high_value,north,0,5
C001409,new,south,0,1
C001410,occasional,south,1,2
C001411,new,west,1,0
C001412,new,south,1,0
C001413,new,south,1,1
C001414,new,north,1,1
C001415,high_value,south,1,3
C001416,occasional,east,0,2
C001417,occasional,east,1,2
C001418,occasional,east,1,0
C001419,new,south,1,1
C001420,new,north,0,0
C001421,occasional,north,1,1
C001422,occasional,north,1,0
C001423,occasional,east,1,1
C001424,growth,west,1,1
C001425,growth,west,0,2
C001426,growth,south,1,4
C001427,high_value,north,1,2
C001428,high_value,east,0,3
C001429,occasional,north,1,1
C001430,growth,east,0,3
C001431,new,south,1,0
C001432,occasional,west,0,1
C001433,high_value,east,1,3
C001434,growth,east,1,4
C001435,growth,south,1,4
C001436,new,west,0,0
C001437,growth,east,1,6
C001438,occasional,east,0,0
C001439,new,south,0,0
C001440,new,south,1,0
C001441,growth,west,1,3
C001442,high_value,south,1,4
C001443,growth,north,0,5
C001444,high_value,south,0,2
C001445,growth,south,1,7
C001446,occasional,south,1,0
C001447,new,north,0,0
C001448,occasional,north,1,2
C001449,occasional,south,1,1
C001450,growth,south,1,3
C001451,new,north,1,0
C001452,occasional,south,0,1
C001453,new,south,0,0
C001454,new,north,1,0
C001455,growth,south,1,1
C001456,high_value,south,0,5
C001457,growth,north,1,4
C001458,growth,west,1,4
C001459,new,north,1,3
C001460,growth,east,0,0
C001461,occasional,east,0,1
C001462,occasional,west,0,0
C001463,growth,east,1,2
C001464,growth,east,0,3
C001465,occasional,west,1,1
C001466,occasional,west,0,0
C001467,growth,north,1,3
C001468,growth,west,1,2
C001469,occasional,south,1,1
C001470,growth,north,1,0
C001471,new,east,1,0
C001472,growth,west,1,0
C001473,high_value,north,0,4
C001474,occasional,north,0,1
C001475,occasional,west,1,1
C001476,occasional,east,1,0
C001477,growth,north,1,3
C001478,new,west,1,0
C001479,occasional,south,1,1
C001480,occasional,south,0,1
C001481,growth,south,0,1
C001482,high_value,east,1,2
C001483,occasional,north,0,1
C001484,growth,south,0,1
C001485,occasional,south,1,1
C001486,high_value,north,0,7
C001487,new,west,1,0
C001488,occasional,north,1,2
C001489,new,west,0,1
C001490,occasional,north,0,3
C001491,high_value,south,1,3
C001492,new,north,1,0
C001493,occasional,south,0,4
C001494,occasional,east,1,1
C001495,growth,north,0,2
C001496,occasional,east,0,1
C001497,new,west,1,1
C001498,occasional,south,0,2
C001499,growth,north,0,2
C001500,occasional,east,0,1
C001501,occasional,north,1,1
C001502,new,north,1,0
C001503,growth,south,1,2
C001504,growth,south,0,1
C001505,new,north,0,1
C001506,occasional,west,0,3
C001507,occasional,east,1,2
C001508,occasional,west,1,2
C001509,growth,south,1,1
C001510,occasional,south,0,1
C001511,high_value,west,1,6
C001512,growth,north,0,4
C001513,occasional,south,1,2
C001514,occasional,west,1,4
C001515,new,south,0,0
C001516,growth,west,1,0
C001517,high_value,south,1,4
C001518,new,south,0,0
C001519,growth,west,1,1
C001520,growth,north,0,5
C001521,growth,west,0,2
C001522,occasional,north,0,2
C001523,new,south,1,0
C001524,occasional,east,1,2
C001525,occasional,east,0,0
C001526,growth,west,1,2
C001527,growth,west,0,2
C001528,occasional,east,0,0
C001529,high_value,east,1,1
C001530,growth,south,1,3
C001531,growth,west,0,3
C001532,high_value,east,1,5
C001533,occasional,north,1,0
C001534,occasional,west,0,0
C001535,high_value,south,1,3
C001536,occasional,south,1,0
C001537,occasional,south,0,0
C001538,occasional,west,0,1
C001539,new,south,1,0
C001540,growth,south,0,2
C001541,new,north,0,0
C001542,growth,south,1,3
C001543,growth,north,1,1
C001544,growth,east,0,2
C001545,occasional,west,1,0
C001546,growth,south,0,1
C001547,growth,west,1,7
C001548,occasional,west,1,0
C001549,growth,north,1,1
C001550,growth,east,1,2
C001551,high_value,east,0,6
C001552,growth,south,1,2
C001553,growth,west,0,2
C001554,growth,south,1,1
C001555,growth,north,0,1
C001556,occasional,east,0,0
C001557,new,north,1,1
C001558,occasional,south,1,2
C001559,occasional,east,0,1
C001560,new,east,0,1
C001561,new,south,1,1
C001562,occasional,south,1,1
C001563,new,north,0,0
C001564,new,south,1,1
C001565,occasional,east,0,1
C001566,occasional,east,1,0
C001567,high_value,south,1,3
C001568,high_value,north,0,3
C001569,occasional,east,1,0
C001570,occasional,east,0,0
C001571,growth,north,1,5
C001572,occasional,east,1,0
C001573,occasional,north,1,1
C001574,new,south,1,2
C001575,high_value,east,0,10
C001576,growth,east,0,3
C001577,occasional,east,0,2
C001578,new,west,1,0
C001579,new,north,1,0
C001580,new,west,1,0
C001581,new,south,0,0
C001582,growth,south,1,2
C001583,growth,west,1,2
C001584,growth,south,1,5
C001585,occasional,north,1,2
C001586,new,east,0,0
C001587,growth,east,1,3
C001588,occasional,east,0,1
C001589,growth,north,1,2
C001590,growth,east,1,1
C001591,growth,north,1,6
C001592,high_value,east,0,7
C001593,new,east,0,1
C001594,growth,west,1,2
C001595,new,west,0,0
C001596,occasional,north,1,0
C001597,growth,north,1,1
C001598,growth,east,1,1
C001599,new,west,1,0
C001600,growth,north,0,1
C001601,new,south,0,2
C001602,high_value,south,0,2
C001603,occasional,south,0,2
C001604,new,east,0,1
C001605,growth,south,1,1
C001606,growth,south,1,2
C001607,new,west,1,0
C001608,growth,south,0,4
C001609,growth,north,0,3
C001610,growth,west,0,3
C001611,growth,south,1,2
C001612,occasional,west,1,0
C001613,occasional,west,0,2
C001614,growth,east,1,3
C001615,new,north,1,1
C001616,growth,west,1,2
C001617,high_value,east,1,4
C001618,occasional,south,0,2
C001619,new,west,0,0
C001620,high_value,west,0,7
C001621,growth,west,1,3
C001622,occasional,north,1,0
C001623,new,east,0,0
C001624,high_value,south,1,5
C001625,growth,north,1,3
C001626,occasional,south,0,2
C001627,growth,north,1,3
C001628,growth,north,1,4
C001629,growth,east,0,1
C001630,growth,east,1,3
C001631,occasional,south,1,2
C001632,new,north,1,0
C001633,occasional,west,0,0
C001634,occasional,east,0,1
C001635,new,east,0,0
C001636,growth,north,1,1
C001637,growth,north,0,1
C001638,new,north,0,1
C001639,growth,north,1,0
C001640,occasional,west,1,0
C001641,occasional,south,0,1
C001642,high_value,east,0,4
C001643,occasional,west,0,5
C001644,growth,west,0,1
C001645,growth,south,0,2
C001646,occasional,south,1,0
C001647,growth,south,1,1
C001648,occasional,north,0,0
C001649,new,west,1,0
C001650,new,east,1,0
C001651,growth,south,0,1
C001652,growth,east,1,1
C001653,growth,east,0,1
C001654,high_value,north,1,6
C001655,new,east,1,0
C001656,growth,west,1,5
C001657,growth,east,0,4
C001658,new,east,0,0
C001659,growth,north,1,3
C001660,high_value,east,1,6
C001661,growth,west,1,1
C001662,occasional,south,0,0
C001663,occasional,east,0,0
C001664,growth,east,0,6
C001665,new,north,1,0
C001666,new,south,0,0
C001667,new,west,1,1
C001668,growth,west,1,3
C001669,high_value,south,1,3
C001670,new,south,1,0
C001671,growth,west,1,3
C001672,occasional,north,0,1
C001673,occasional,south,1,2
C001674,high_value,north,0,4
C001675,occasional,north,0,1
C001676,new,east,1,0
C001677,occasional,south,1,1
C001678,growth,west,0,2
C001679,new,west,1,0
C001680,occasional,west,1,0
C001681,occasional,east,1,0
C001682,new,east,0,0
C001683,occasional,east,0,1
C001684,growth,west,0,2
C001685,high_value,north,0,5
C001686,growth,east,1,1
C001687,occasional,north,0,0
C001688,occasional,south,0,1
C001689,occasional,south,1,0
C001690,growth,east,0,4
C001691,occasional,west,0,1
C001692,new,north,1,0
C001693,growth,east,1,0
C001694,occasional,north,1,0
C001695,occasional,north,0,1
C001696,occasional,south,1,2
C001697,growth,east,1,4
C001698,occasional,north,1,1
C001699,new,south,0,0
C001700,occasional,west,0,1
C001701,new,south,0,0
C001702,new,west,1,0
C001703,growth,west,1,5
C001704,occasional,south,0,0
C001705,occasional,east,1,0
C001706,new,east,1,0
C001707,high_value,south,0,3
C001708,growth,south,1,2
C001709,new,south,0,0
C001710,growth,north,0,5
C001711,occasional,north,0,0
C001712,growth,south,1,2
C001713,new,west,1,0
C001714,new,north,1,0
C001715,growth,north,0,3
C001716,occasional,south,1,1
C001717,growth,east,1,3
C001718,occasional,north,0,1
C001719,occasional,north,1,0
C001720,new,north,1,0
C001721,high_value,south,1,8
C001722,growth,north,1,1
C001723,occasional,west,1,0
C001724,occasional,west,1,0
C001725,occasional,south,0,1
C001726,high_value,north,0,1
C001727,growth,north,0,1
C001728,new,south,0,0
C001729,high_value,south,0,4
C001730,growth,east,0,0
C001731,new,south,1,0
C001732,high_value,south,1,7
C001733,occasional,south,0,1
C001734,growth,east,0,2
C001735,new,east,1,0
C001736,occasional,north,1,1
C001737,new,south,1,0
C001738,growth,east,1,1
C001739,occasional,east,0,1
C001740,occasional,east,1,1
C001741,growth,east,0,4
C001742,growth,east,0,2
C001743,high_value,south,1,5
C001744,new,east,0,1
C001745,occasional,south,0,2
C001746,occasional,south,1,0
C001747,occasional,north,1,3
C001748,occasional,south,0,0
C001749,occasional,north,1,3
C001750,growth,north,1,2
C001751,occasional,south,1,4
C001752,growth,east,1,6
C001753,new,west,0,1
C001754,new,north,1,0
C001755,growth,west,0,4
C001756,occasional,south,1,3
C001757,high_value,east,0,7
C001758,new,east,1,0
C001759,new,west,0,0
C001760,new,north,0,0
C001761,growth,west,1,2
C001762,growth,north,0,1
C001763,growth,west,1,1
C001764,high_value,east,0,3
C001765,high_value,south,0,5
C001766,high_value,south,1,5
C001767,new,north,1,0
C001768,high_value,west,1,6
C001769,high_value,east,0,3
C001770,new,west,0,0
C001771,occasional,east,1,0
C001772,occasional,west,1,1
C001773,occasional,west,1,1
C001774,new,south,1,1
C001775,occasional,east,1,1
C001776,occasional,south,1,3
C001777,occasional,west,0,1
C001778,growth,east,1,5
C001779,growth,south,0,1
C001780,occasional,east,1,2
C001781,growth,south,1,3
C001782,occasional,east,0,0
C001783,growth,south,1,1
C001784,growth,south,1,2
C001785,growth,west,0,4
C001786,new,north,0,1
C001787,growth,west,0,1
C001788,occasional,north,1,0
C001789,new,north,1,0
C001790,high_value,north,1,7
C001791,occasional,north,0,0
C001792,growth,north,0,5
C001793,growth,west,1,1
C001794,occasional,west,0,1
C001795,new,east,1,0
C001796,growth,north,1,1
C001797,occasional,west,1,1
C001798,growth,east,1,4
C001799,occasional,east,0,1
C001800,occasional,west,0,1
C001801,occasional,south,1,1
C001802,occasional,south,1,2
C001803,high_value,west,1,5
C001804,occasional,east,1,0
C001805,occasional,east,1,1
C001806,occasional,east,1,1
C001807,high_value,west,1,4
C001808,growth,south,1,1
C001809,growth,north,1,2
C001810,high_value,south,0,5
C001811,growth,east,1,2
C001812,growth,west,1,2
C001813,occasional,south,1,0
C001814,growth,east,0,3
C001815,new,west,1,0
C001816,occasional,west,1,0
C001817,occasional,west,0,0
C001818,occasional,west,0,0
C001819,occasional,east,1,0
C001820,occasional,south,1,1
C001821,new,south,0,1
C001822,occasional,east,1,0
C001823,occasional,north,1,2
C001824,occasional,east,1,0
C001825,occasional,east,1,1
C001826,high_value,east,0,4
C001827,occasional,south,0,5
C001828,occasional,east,1,0
C001829,new,north,0,0
C001830,occasional,east,1,1
C001831,occasional,west,0,1
C001832,new,west,1,0
C001833,occasional,west,1,0
C001834,growth,south,0,2
C001835,growth,north,1,1
C001836,high_value,east,1,3
C001837,high_value,north,1,4
C001838,growth,south,0,3
C001839,occasional,east,1,0
C001840,occasional,east,0,0
C001841,high_value,east,0,3
C001842,occasional,west,0,0
C001843,growth,north,1,0
C001844,new,west,0,1
C001845,growth,east,1,1
C001846,occasional,south,0,0
C001847,growth,south,0,5
C001848,occasional,east,1,2
C001849,growth,east,0,3
C001850,occasional,south,1,1
C001851,growth,north,1,1
C001852,new,north,1,0
C001853,occasional,south,1,0
C001854,occasional,south,0,1
C001855,new,east,0,1
C001856,new,west,1,0
C001857,growth,north,0,3
C001858,growth,south,0,1
C001859,growth,north,0,4
C001860,growth,west,1,0
C001861,occasional,east,1,0
C001862,new,north,0,0
C001863,new,south,1,0
C001864,occasional,east,1,0
C001865,occasional,west,1,0
C001866,new,east,1,0
C001867,new,south,1,1
C001868,growth,east,1,3
C001869,occasional,east,0,2
C001870,new,east,0,1
C001871,growth,north,1,2
C001872,growth,east,1,3
C001873,new,north,0,0
C001874,new,west,1,0
C001875,new,west,0,0
C001876,occasional,east,1,1
C001877,growth,east,1,0
C001878,growth,north,1,1
C001879,occasional,west,1,0
C001880,occasional,south,0,3
C001881,occasional,south,1,2
C001882,occasional,east,0,1
C001883,growth,west,0,2
C001884,occasional,south,0,2
C001885,growth,east,0,1
C001886,growth,east,1,3
C001887,high_value,south,1,6
C001888,growth,east,0,3
C001889,new,west,1,2
C001890,growth,south,1,4
C001891,growth,west,1,2
C001892,occasional,west,1,2
C001893,occasional,west,0,4
C001894,high_value,east,1,9
C001895,growth,west,0,3
C001896,growth,east,0,6
C001897,occasional,west,1,0
C001898,growth,east,0,2
C001899,high_value,west,1,2
C001900,high_value,west,1,4
C001901,occasional,west,1,0
C001902,high_value,east,1,3
C001903,new,east,1,1
C001904,growth,west,1,1
C001905,occasional,south,1,3
C001906,growth,north,1,1
C001907,growth,west,0,3
C001908,high_value,east,1,3
C001909,new,south,0,0
C001910,new,east,0,0
C001911,high_value,north,0,4
C001912,growth,south,1,5
C001913,new,south,0,1
C001914,occasional,south,0,0
C001915,growth,west,0,0
C001916,growth,east,0,0
C001917,occasional,north,1,0
C001918,occasional,south,0,0
C001919,occasional,north,0,2
C001920,new,west,1,1
C001921,occasional,south,1,2
C001922,growth,south,0,2
C001923,occasional,south,0,1
C001924,growth,north,1,0
C001925,growth,west,1,2
C001926,high_value,east,1,6
C001927,growth,south,1,5
C001928,occasional,south,0,2
C001929,high_value,east,0,2
C001930,growth,north,1,1
C001931,occasional,west,1,1
C001932,occasional,east,0,0
C001933,occasional,north,0,1
C001934,new,east,1,0
C001935,occasional,west,1,2
C001936,high_value,north,1,5
C001937,occasional,east,0,2
C001938,occasional,east,0,0
C001939,growth,west,1,0
C001940,high_value,east,0,3
C001941,growth,east,0,1
C001942,occasional,west,0,0
C001943,growth,west,1,2
C001944,growth,south,1,2
C001945,new,east,0,1
C001946,new,north,0,0
C001947,growth,west,0,1
C001948,new,west,0,0
C001949,high_value,south,1,8
C001950,new,east,1,1
C001951,new,west,1,2
C001952,high_value,north,0,5
C001953,occasional,east,1,2
C001954,new,west,0,1
C001955,new,west,0,0
C001956,new,north,0,0
C001957,occasional,west,0,1
C001958,high_value,west,1,6
C001959,new,north,1,0
C001960,occasional,east,0,0
C001961,occasional,east,1,2
C001962,growth,west,1,5
C001963,occasional,north,0,1
C001964,growth,west,0,4
C001965,occasional,east,1,1
C001966,high_value,south,1,8
C001967,occasional,south,1,0
C001968,new,west,0,1
C001969,occasional,west,1,1
C001970,occasional,south,1,0
C001971,growth,west,1,1
C001972,new,east,0,0
C001973,occasional,north,0,1
C001974,growth,east,1,2
C001975,growth,west,1,1
C001976,growth,north,1,8
C001977,occasional,north,1,0
C001978,new,north,1,0
C001979,occasional,east,1,1
C001980,growth,north,1,1
C001981,new,west,1,0
C001982,growth,north,1,7
C001983,new,north,1,0
C001984,growth,south,1,2
C001985,occasional,west,0,0
C001986,new,west,1,1
C001987,growth,south,1,3
C001988,occasional,east,0,0
C001989,new,west,1,0
C001990,growth,west,0,2
C001991,high_value,north,1,6
C001992,occasional,west,0,0
C001993,growth,west,1,3
C001994,high_value,east,1,4
C001995,occasional,east,0,1
C001996,occasional,south,0,1
C001997,growth,west,1,3
C001998,growth,west,0,2
C001999,new,east,1,0
C002000,occasional,east,0,1
C002001,new,south,0,1
C002002,growth,east,1,3
C002003,new,north,0,0
C002004,occasional,west,0,0
C002005,high_value,east,0,5
C002006,new,east,1,0
C002007,occasional,north,0,0
C002008,high_value,east,0,6
C002009,growth,north,1,1
C002010,occasional,west,0,1
C002011,high_value,east,1,3
C002012,growth,south,0,5
C002013,high_value,west,0,8
C002014,growth,west,1,3
C002015,growth,north,0,2
C002016,occasional,north,1,0
C002017,growth,south,1,1
C002018,high_value,north,1,3
C002019,occasional,east,1,0
C002020,growth,east,0,1
C002021,occasional,east,1,0
C002022,high_value,north,0,7
C002023,high_value,west,0,4
C002024,growth,west,0,4
C002025,occasional,east,1,0
C002026,growth,north,0,4
C002027,new,south,1,0
C002028,growth,east,0,3
C002029,occasional,east,1,1
C002030,occasional,north,0,1
C002031,high_value,west,1,2
C002032,occasional,west,1,0
C002033,growth,east,0,5
C002034,growth,south,1,3
C002035,high_value,east,0,2
C002036,occasional,north,0,3
C002037,new,east,1,1
C002038,high_value,north,1,3
C002039,occasional,north,1,0
C002040,occasional,east,0,0
C002041,growth,east,0,5
C002042,occasional,west,1,0
C002043,occasional,east,0,1
C002044,new,west,1,0
C002045,new,west,0,0
C002046,high_value,south,0,8
C002047,growth,west,0,1
C002048,occasional,south,1,1
C002049,high_value,east,1,8
C002050,growth,north,1,3
C002051,new,north,1,0
C002052,high_value,east,1,6
C002053,occasional,south,0,1
C002054,new,east,1,0
C002055,growth,north,1,7
C002056,occasional,south,0,3
C002057,new,east,1,0
C002058,occasional,east,1,2
C002059,high_value,west,0,3
C002060,high_value,west,1,3
C002061,new,west,1,0
C002062,growth,north,1,2
C002063,occasional,east,1,2
C002064,high_value,north,1,7
C002065,growth,south,1,3
C002066,new,north,1,0
C002067,occasional,south,0,0
C002068,new,north,1,1
C002069,growth,east,1,3
C002070,occasional,north,1,1
C002071,new,east,0,0
C002072,growth,east,1,3
C002073,growth,north,0,1
C002074,new,north,1,0
C002075,growth,west,0,3
C002076,occasional,east,1,2
C002077,new,south,1,0
C002078,growth,west,1,1
C002079,growth,north,1,5
C002080,high_value,west,0,9
C002081,growth,north,0,3
C002082,growth,east,0,3
C002083,occasional,north,1,0
C002084,growth,north,0,2
C002085,occasional,south,1,0
C002086,growth,north,0,0
C002087,growth,south,0,5
C002088,growth,north,1,1
C002089,occasional,north,0,0
C002090,occasional,west,1,2
C002091,growth,west,1,5
C002092,new,west,1,1
C002093,occasional,north,0,0
C002094,growth,south,1,3
C002095,new,south,1,1
C002096,growth,south,0,3
C002097,high_value,south,1,2
C002098,occasional,east,0,2
C002099,high_value,south,1,4
C002100,growth,south,1,4
C002101,occasional,west,0,0
C002102,high_value,west,1,7
C002103,new,south,0,0
C002104,new,north,0,0
C002105,occasional,east,0,0
C002106,occasional,south,1,0
C002107,occasional,west,0,1
C002108,new,south,1,0
C002109,growth,north,1,1
C002110,growth,north,1,1
C002111,occasional,north,1,0
C002112,occasional,south,1,1
C002113,growth,south,1,2
C002114,occasional,west,1,1
C002115,high_value,west,0,7
C002116,new,north,1,0
C002117,growth,west,1,2
C002118,high_value,east,1,4
C002119,high_value,south,1,6
C002120,growth,south,0,2
C002121,growth,south,0,2
C002122,high_value,north,1,4
C002123,growth,west,0,4
C002124,growth,north,1,1
C002125,growth,north,0,1
C002126,growth,south,1,1
C002127,growth,north,1,4
C002128,growth,north,1,2
C002129,high_value,south,1,9
C002130,high_value,south,0,8
C002131,growth,north,1,0
C002132,occasional,west,1,3
C002133,new,west,1,0
C002134,new,east,0,1
C002135,occasional,east,0,1
C002136,occasional,west,0,2
C002137,growth,south,0,1
C002138,occasional,south,0,2
C002139,occasional,north,1,1
C002140,new,east,1,0
C002141,new,north,1,1
C002142,growth,east,1,4
C002143,occasional,west,0,1
C002144,new,north,1,2
C002145,growth,east,1,4
C002146,new,south,0,0
C002147,high_value,south,1,4
C002148,new,east,1,1
C002149,occasional,north,1,3
C002150,high_value,west,0,6
C002151,occasional,south,1,0
C002152,high_value,south,1,9
C002153,occasional,west,1,1
C002154,occasional,north,0,0
C002155,occasional,south,1,2
C002156,new,west,1,0
C002157,high_value,south,0,8
C002158,growth,north,0,2
C002159,growth,south,1,2
C002160,high_value,west,1,6
C002161,growth,west,1,2
C002162,growth,west,0,2
C002163,growth,south,1,2
C002164,growth,west,0,2
C002165,new,south,0,0
C002166,growth,west,1,0
C002167,new,west,1,1
C002168,growth,north,0,3
C002169,growth,west,0,0
C002170,occasional,east,0,0
C002171,growth,east,1,3
C002172,growth,west,0,2
C002173,occasional,north,0,0
C002174,growth,east,0,1
C002175,growth,north,1,4
C002176,occasional,south,1,2
C002177,growth,north,1,3
C002178,new,north,0,2
C002179,growth,west,0,2
C002180,new,south,1,1
C002181,occasional,south,1,2
C002182,new,south,1,0
C002183,new,east,0,0
C002184,high_value,east,0,2
C002185,occasional,east,1,2
C002186,growth,west,1,1
C002187,new,south,0,0
C002188,occasional,west,1,0
C002189,growth,west,1,2
C002190,new,east,1,0
C002191,high_value,north,1,3
C002192,occasional,south,1,0
C002193,occasional,east,0,1
C002194,high_value,south,1,5
C002195,occasional,south,0,1
C002196,new,south,0,0
C002197,high_value,north,1,5
C002198,occasional,north,1,2
C002199,growth,west,1,3
C002200,occasional,north,1,0
C002201,high_value,west,0,2
C002202,new,south,1,0
C002203,new,west,0,2
C002204,growth,south,1,1
C002205,growth,west,1,3
C002206,occasional,east,1,0
C002207,occasional,west,1,0
C002208,growth,north,0,1
C002209,growth,west,0,1
C002210,high_value,south,1,6
C002211,new,south,0,1
C002212,occasional,north,0,1
C002213,new,west,1,1
C002214,occasional,east,1,2
C002215,new,west,1,0
C002216,high_value,east,1,5
C002217,high_value,north,0,6
C002218,new,south,1,0
C002219,new,south,1,1
C002220,growth,north,0,1
C002221,growth,west,1,0
C002222,occasional,west,0,2
C002223,growth,east,1,2
C002224,growth,east,1,1
C002225,new,east,1,0
C002226,growth,east,1,1
C002227,occasional,north,1,0
C002228,high_value,east,0,6
C002229,high_value,west,0,4
C002230,occasional,west,0,1
C002231,growth,east,1,0
C002232,occasional,west,0,0
C002233,high_value,east,1,2
C002234,new,south,0,0
C002235,occasional,south,0,1
C002236,new,east,1,0
C002237,high_value,west,1,4
C002238,growth,north,0,1
C002239,growth,south,0,4
C002240,occasional,east,1,1
C002241,growth,west,0,3
C002242,high_value,south,1,1
C002243,growth,east,1,2
C002244,growth,north,0,2
C002245,growth,south,0,1
C002246,growth,west,1,4
C002247,growth,east,1,3
C002248,occasional,west,1,0
C002249,growth,north,1,1
C002250,growth,south,1,3
C002251,occasional,west,1,2
C002252,occasional,west,0,1
C002253,growth,west,1,3
C002254,occasional,south,1,2
C002255,new,west,1,0
C002256,occasional,south,1,2
C002257,new,west,1,0
C002258,occasional,west,1,1
C002259,high_value,south,1,4
C002260,growth,south,1,2
C002261,occasional,west,1,1
C002262,new,south,0,2
C002263,occasional,south,1,0
C002264,high_value,east,1,9
C002265,occasional,west,1,1
C002266,high_value,north,1,5
C002267,occasional,west,1,4
C002268,occasional,south,0,2
C002269,occasional,north,1,1
C002270,new,south,1,1
C002271,occasional,south,1,2
C002272,occasional,east,1,1
C002273,occasional,east,0,0
C002274,new,north,1,0
C002275,new,south,1,0
C002276,high_value,north,1,3
C002277,occasional,south,1,2
C002278,growth,east,1,0
C002279,new,west,1,0
C002280,occasional,north,1,2
C002281,growth,east,1,3
C002282,growth,south,1,5
C002283,growth,south,1,3
C002284,occasional,east,1,2
C002285,growth,north,0,2
C002286,high_value,west,1,5
C002287,new,south,0,0
C002288,occasional,north,0,1
C002289,growth,west,1,1
C002290,growth,west,1,1
C002291,new,east,0,0
C002292,occasional,east,1,1
C002293,occasional,north,1,1
C002294,growth,south,1,2
C002295,growth,south,1,0
C002296,high_value,west,0,10
C002297,occasional,south,0,1
C002298,high_value,east,0,7
C002299,high_value,south,0,5
C002300,occasional,east,0,0
C002301,new,north,1,0
C002302,occasional,east,0,2
C002303,occasional,north,0,0
C002304,occasional,east,0,1
C002305,growth,north,0,1
C002306,growth,west,1,3
C002307,occasional,west,1,2
C002308,growth,east,0,1
C002309,occasional,west,1,1
C002310,new,west,1,1
C002311,new,north,1,0
C002312,high_value,east,1,3
C002313,growth,south,1,3
C002314,growth,west,1,4
C002315,growth,west,1,3
C002316,growth,west,1,1
C002317,growth,south,1,1
C002318,occasional,north,1,1
C002319,occasional,north,0,2
C002320,new,north,1,0
C002321,high_value,west,1,6
C002322,high_value,east,1,6
C002323,growth,south,1,3
C002324,high_value,south,0,4
C002325,growth,north,1,6
C002326,new,east,1,0
C002327,growth,south,0,3
C002328,growth,west,1,7
C002329,occasional,north,0,2
C002330,occasional,west,0,1
C002331,occasional,north,1,1
C002332,growth,south,0,2
C002333,new,south,1,0
C002334,high_value,east,1,1
C002335,growth,east,1,2
C002336,occasional,north,1,0
C002337,new,south,1,0
C002338,growth,east,1,0
C002339,occasional,south,1,2
C002340,high_value,north,1,4
C002341,growth,north,0,1
C002342,high_value,east,1,3
C002343,occasional,south,1,0
C002344,growth,east,1,1
C002345,occasional,north,0,0
C002346,high_value,east,1,9
C002347,new,north,0,0
C002348,new,east,1,0
C002349,high_value,west,1,4
C002350,high_value,south,0,5
C002351,high_value,north,1,4
C002352,new,north,1,0
C002353,growth,south,1,2
C002354,occasional,north,1,1
C002355,growth,west,1,3
C002356,occasional,west,1,1
C002357,occasional,west,1,1
C002358,occasional,west,0,2
C002359,new,east,1,0
C002360,growth,south,1,0
C002361,new,south,0,0
C002362,high_value,south,1,4
C002363,occasional,west,0,1
C002364,new,south,1,0
C002365,occasional,south,0,1
C002366,occasional,east,0,0
C002367,growth,south,1,5
C002368,growth,south,0,1
C002369,growth,north,0,2
C002370,occasional,north,0,0
C002371,occasional,north,1,0
C002372,growth,south,1,1
C002373,growth,west,1,4
C002374,growth,south,0,1
C002375,growth,east,1,2
C002376,high_value,south,1,6
C002377,new,south,0,0
C002378,occasional,north,1,0
C002379,high_value,east,1,7
C002380,occasional,east,1,0
C002381,new,south,0,0
C002382,growth,east,1,2
C002383,growth,south,1,2
C002384,high_value,south,1,4
C002385,high_value,east,1,3
C002386,occasional,east,1,2
C002387,new,north,1,1
C002388,high_value,south,0,7
C002389,occasional,south,1,1
C002390,high_value,west,1,3
C002391,occasional,south,1,1
C002392,occasional,west,1,1
C002393,growth,east,0,3
C002394,high_value,north,1,7
C002395,occasional,south,0,0
C002396,new,west,0,0
C002397,growth,south,0,3
C002398,growth,east,0,2
C002399,high_value,west,1,7
C002400,occasional,east,0,2
C002401,occasional,north,0,0
C002402,occasional,south,1,0
C002403,occasional,south,1,1
C002404,new,south,1,0
C002405,new,west,0,0
C002406,growth,north,1,5
C002407,occasional,east,0,2
C002408,growth,west,1,1
C002409,growth,west,1,5
C002410,new,east,1,0
C002411,occasional,west,1,1
C002412,new,south,1,0
C002413,growth,east,0,3
C002414,occasional,east,1,3
C002415,occasional,north,0,1
C002416,high_value,north,0,2
C002417,growth,west,0,3
C002418,occasional,north,1,1
C002419,high_value,south,0,9
C002420,new,east,0,1
C002421,high_value,east,0,4
C002422,growth,east,1,3
C002423,occasional,west,0,0
C002424,high_value,west,1,4
C002425,new,west,1,1
C002426,occasional,east,0,2
C002427,high_value,west,0,5
C002428,occasional,east,1,1
C002429,occasional,east,1,1
C002430,occasional,west,0,0
C002431,new,west,1,0
C002432,occasional,north,1,0
C002433,occasional,west,0,1
C002434,growth,east,0,0
C002435,occasional,west,1,2
C002436,new,east,1,0
C002437,occasional,west,1,1
C002438,occasional,south,1,3
C002439,growth,north,0,5
C002440,occasional,north,0,0
C002441,new,south,1,0
C002442,growth,north,1,3
C002443,growth,south,1,2
C002444,occasional,north,1,1
C002445,occasional,north,1,1
C002446,occasional,east,1,2
C002447,high_value,west,0,5
C002448,growth,north,1,5
C002449,occasional,east,0,2
C002450,occasional,east,1,2
C002451,occasional,east,0,0
C002452,occasional,north,0,2
C002453,occasional,east,1,0
C002454,occasional,north,1,2
C002455,occasional,north,0,1
C002456,occasional,south,1,1
C002457,occasional,west,1,0
C002458,high_value,north,1,7
C002459,growth,west,0,3
C002460,occasional,west,1,0
C002461,new,west,1,0
C002462,occasional,south,1,1
C002463,high_value,north,0,5
C002464,occasional,north,1,1
C002465,growth,west,0,2
C002466,occasional,north,0,0
C002467,new,east,1,1
C002468,occasional,south,1,1
C002469,occasional,west,0,0
C002470,growth,east,0,2
C002471,growth,east,1,3
C002472,new,west,1,0
C002473,occasional,west,1,1
C002474,occasional,south,1,0
C002475,growth,east,1,0
C002476,high_value,east,1,5
C002477,high_value,west,1,6
C002478,growth,south,0,2
C002479,growth,south,0,3
C002480,new,west,0,0
C002481,occasional,west,0,0
C002482,growth,east,0,2
C002483,high_value,north,1,4
C002484,growth,south,0,1
C002485,new,south,1,0
C002486,growth,east,1,1
C002487,occasional,east,0,2
C002488,new,west,0,0
C002489,high_value,north,1,1
C002490,occasional,south,0,1
C002491,new,east,1,1
C002492,growth,west,1,0
C002493,high_value,north,1,1
C002494,new,west,1,0
C002495,new,north,0,0
C002496,occasional,north,1,0
C002497,occasional,west,1,0
C002498,growth,west,0,1
C002499,new,west,1,0
C002500,occasional,east,1,1
C002501,high_value,east,1,5
C002502,occasional,east,1,0
C002503,new,east,1,0
C002504,new,east,0,0
C002505,growth,south,0,5
C002506,high_value,west,1,4
C002507,new,south,1,0
C002508,new,east,1,0
C002509,occasional,east,0,1
C002510,occasional,east,1,0
C002511,occasional,east,1,0
C002512,growth,north,0,4
C002513,high_value,south,1,7
C002514,high_value,south,1,7
C002515,growth,south,1,0
C002516,new,west,1,1
C002517,high_value,west,0,6
C002518,growth,east,1,2
C002519,occasional,south,1,4
C002520,growth,north,1,2
C002521,growth,west,1,4
C002522,occasional,west,1,0
C002523,growth,south,0,1
C002524,occasional,west,1,2
C002525,new,west,0,0
C002526,growth,east,0,5
C002527,new,north,1,1
C002528,new,north,0,0
C002529,new,west,0,0
C002530,occasional,east,1,0
C002531,occasional,north,1,0
C002532,occasional,north,1,0
C002533,occasional,west,1,3
C002534,high_value,south,0,6
C002535,new,south,1,1
C002536,occasional,east,1,2
C002537,occasional,south,1,2
C002538,growth,west,1,4
C002539,high_value,east,0,6
C002540,occasional,south,0,3
C002541,occasional,south,0,1
C002542,growth,west,1,0
C002543,growth,east,1,4
C002544,growth,west,0,1
C002545,occasional,south,1,0
C002546,growth,north,0,1
C002547,new,west,1,0
C002548,growth,north,1,5
C002549,growth,west,1,3
C002550,growth,east,0,4
C002551,occasional,north,1,1
C002552,occasional,west,0,0
C002553,occasional,north,1,0
C002554,new,south,1,0
C002555,growth,south,0,1
C002556,occasional,east,1,0
C002557,high_value,east,1,4
C002558,growth,east,0,7
C002559,occasional,south,0,0
C002560,high_value,east,1,2
C002561,occasional,north,0,0
C002562,occasional,east,1,2
C002563,occasional,north,1,1
C002564,occasional,north,1,1
C002565,occasional,east,1,0
C002566,growth,north,1,2
C002567,high_value,west,1,2
C002568,high_value,north,0,1
C002569,occasional,north,1,2
C002570,new,west,1,0
C002571,high_value,north,0,5
C002572,occasional,west,0,1
C002573,occasional,south,1,1
C002574,new,west,0,0
C002575,occasional,west,0,0
C002576,occasional,north,1,1
C002577,occasional,south,1,1
C002578,new,east,1,0
C002579,high_value,west,0,4
C002580,new,north,1,0
C002581,high_value,north,1,1
C002582,new,south,0,0
C002583,high_value,north,1,3
C002584,growth,south,1,5
C002585,high_value,north,0,4
C002586,growth,west,0,2
C002587,growth,west,0,2
C002588,growth,north,1,0
C002589,occasional,east,1,0
C002590,growth,east,1,7
C002591,occasional,east,1,1
C002592,new,west,1,0
C002593,occasional,east,0,0
C002594,high_value,east,0,9
C002595,growth,north,1,1
C002596,new,north,1,0
C002597,high_value,east,1,4
C002598,growth,west,1,0
C002599,new,south,0,1
C002600,new,east,1,1
C002601,growth,north,0,2
C002602,occasional,south,1,1
C002603,occasional,west,1,0
C002604,occasional,east,0,1
C002605,high_value,north,1,4
C002606,high_value,west,1,5
C002607,occasional,west,0,0
C002608,growth,south,1,3
C002609,occasional,south,1,3
C002610,growth,east,1,4
C002611,new,west,1,1
C002612,new,south,1,0
C002613,occasional,north,1,2
C002614,occasional,north,0,1
C002615,growth,west,0,7
C002616,occasional,west,1,1
C002617,growth,west,1,2
C002618,new,north,1,0
C002619,new,north,1,0
C002620,new,south,1,0
C002621,new,north,0,0
C002622,new,south,1,1
C002623,growth,east,1,5
C002624,new,south,0,0
C002625,occasional,north,0,0
C002626,growth,south,1,4
C002627,occasional,east,1,1
C002628,growth,east,0,4
C002629,growth,south,1,3
C002630,growth,south,0,0
C002631,high_value,east,0,3
C002632,occasional,north,1,1
C002633,new,west,1,0
C002634,occasional,west,1,1
C002635,occasional,north,1,1
C002636,growth,west,1,2
C002637,occasional,north,0,1
C002638,growth,south,0,1
C002639,new,east,0,0
C002640,growth,south,0,1
C002641,occasional,north,0,1
C002642,occasional,north,1,2
C002643,occasional,east,1,1
C002644,new,north,1,0
C002645,growth,south,1,3
C002646,new,south,1,0
C002647,occasional,west,1,2
C002648,occasional,west,1,3
C002649,occasional,west,1,1
C002650,new,east,0,1
C002651,new,east,1,1
C002652,growth,south,1,3
C002653,new,north,1,0
C002654,occasional,west,1,1
C002655,occasional,south,1,0
C002656,new,south,1,0
C002657,growth,north,1,6
C002658,occasional,south,0,3
C002659,high_value,east,1,3
C002660,growth,south,0,1
C002661,new,east,0,1
C002662,growth,north,1,2
C002663,growth,north,1,2
C002664,growth,west,1,2
C002665,occasional,south,0,0
C002666,new,south,0,0
C002667,new,south,0,0
C002668,high_value,east,0,3
C002669,occasional,east,1,3
C002670,occasional,south,0,1
C002671,occasional,west,1,2
C002672,growth,west,0,1
C002673,growth,north,1,0
C002674,occasional,east,0,0
C002675,occasional,west,1,0
C002676,occasional,south,1,0
C002677,occasional,north,1,1
C002678,new,north,0,0
C002679,occasional,east,1,1
C002680,growth,west,1,4
C002681,new,north,1,0
C002682,new,east,1,0
C002683,growth,south,0,1
C002684,occasional,south,0,2
C002685,growth,east,0,0
C002686,occasional,west,0,3
C002687,growth,north,1,3
C002688,occasional,north,1,1
C002689,growth,south,1,0
C002690,occasional,south,0,1
C002691,new,east,1,0
C002692,growth,east,0,4
C002693,new,north,1,1
C002694,new,south,1,1
C002695,new,east,1,0
C002696,growth,south,0,2
C002697,new,east,0,0
C002698,high_value,south,1,5
C002699,growth,south,0,2
C002700,new,north,0,0
C002701,occasional,north,1,3
C002702,occasional,north,0,1
C002703,growth,east,1,4
C002704,new,north,1,1
C002705,occasional,east,1,0
C002706,occasional,west,1,0
C002707,new,east,1,0
C002708,growth,east,1,1
C002709,growth,north,1,5
C002710,occasional,south,0,0
C002711,new,west,0,0
C002712,growth,south,1,5
C002713,growth,west,1,1
C002714,high_value,east,1,3
C002715,new,south,0,1
C002716,growth,north,0,2
C002717,occasional,north,1,0
C002718,new,south,0,1
C002719,high_value,south,1,2
C002720,occasional,east,0,1
C002721,occasional,east,1,3
C002722,new,south,1,0
C002723,growth,east,1,3
C002724,growth,west,1,0
C002725,growth,east,1,1
C002726,occasional,west,1,1
C002727,occasional,south,1,0
C002728,high_value,west,0,2
C002729,growth,south,0,4
C002730,new,north,1,0
C002731,high_value,north,0,5
C002732,growth,north,1,0
C002733,occasional,west,0,1
C002734,growth,north,1,4
C002735,growth,west,0,2
C002736,occasional,west,0,0
C002737,growth,south,0,0
C002738,occasional,west,0,0
C002739,occasional,west,1,0
C002740,occasional,west,0,1
C002741,high_value,south,1,5
C002742,new,south,1,0
C002743,growth,north,0,1
C002744,occasional,west,1,1
C002745,growth,west,1,5
C002746,occasional,east,0,2
C002747,growth,north,1,1
C002748,growth,west,1,3
C002749,occasional,south,1,2
C002750,high_value,east,0,7
C002751,growth,east,0,4
C002752,occasional,north,1,0
C002753,new,north,0,0
C002754,high_value,north,1,3
C002755,new,west,0,0
C002756,occasional,west,0,1
C002757,new,south,0,0
C002758,occasional,south,1,1
C002759,occasional,south,1,1
C002760,occasional,south,1,2
C002761,occasional,east,1,1
C002762,new,south,1,0
C002763,high_value,east,1,3
C002764,growth,south,1,3
C002765,high_value,east,0,4
C002766,new,west,1,0
C002767,growth,north,1,4
C002768,occasional,north,0,0
C002769,new,east,1,0
C002770,new,north,1,1
C002771,growth,north,1,3
C002772,occasional,west,1,1
C002773,new,south,1,0
C002774,high_value,east,0,6
C002775,occasional,west,1,1
C002776,growth,north,1,1
C002777,occasional,south,1,1
C002778,occasional,north,1,0
C002779,growth,south,1,3
C002780,high_value,north,0,0
C002781,high_value,west,1,8
C002782,high_value,south,1,5
C002783,occasional,north,1,0
C002784,growth,north,0,3
C002785,growth,north,0,5
C002786,occasional,north,1,3
C002787,occasional,north,0,1
C002788,occasional,east,1,0
C002789,new,west,0,0
C002790,growth,west,1,0
C002791,new,west,0,0
C002792,high_value,west,0,5
C002793,occasional,south,0,0
C002794,new,south,1,1
C002795,new,east,0,0
C002796,occasional,south,0,1
C002797,occasional,east,1,0
C002798,growth,west,1,4
C002799,occasional,north,1,1
C002800,occasional,west,1,0
C002801,new,west,0,1
C002802,occasional,east,1,0
C002803,high_value,south,0,5
C002804,occasional,south,0,0
C002805,high_value,north,0,10
C002806,growth,south,0,3
C002807,growth,east,0,4
C002808,occasional,east,1,1
C002809,growth,north,1,1
C002810,growth,east,0,2
C002811,high_value,west,0,5
C002812,new,north,1,0
C002813,occasional,north,0,0
C002814,high_value,west,0,10
C002815,high_value,east,1,4
C002816,occasional,east,0,2
C002817,growth,west,0,3
C002818,occasional,east,1,0
C002819,growth,east,1,6
C002820,new,north,1,1
C002821,growth,west,0,2
C002822,occasional,west,1,0
C002823,high_value,south,0,6
C002824,new,east,0,0
C002825,new,east,0,0
C002826,occasional,north,1,0
C002827,occasional,north,1,1
C002828,growth,east,1,1
C002829,new,east,1,0
C002830,occasional,east,1,1
C002831,growth,south,1,2
C002832,occasional,west,1,0
C002833,occasional,south,1,1
C002834,new,north,1,0
C002835,occasional,north,1,0
C002836,occasional,west,0,1
C002837,occasional,east,1,1
C002838,growth,south,0,2
C002839,growth,north,0,2
C002840,high_value,north,1,4
C002841,occasional,north,0,0
C002842,growth,north,0,2
C002843,growth,east,0,3
C002844,growth,north,1,0
C002845,growth,north,1,3
C002846,occasional,south,1,2
C002847,growth,east,0,2
C002848,high_value,south,1,2
C002849,occasional,north,1,0
C002850,growth,east,1,0
C002851,growth,south,1,2
C002852,growth,north,1,2
C002853,new,east,1,0
C002854,growth,west,0,8
C002855,occasional,east,1,0
C002856,new,north,1,1
C002857,occasional,south,1,0
C002858,growth,east,1,1
C002859,occasional,west,0,0
C002860,occasional,west,1,1
C002861,growth,west,0,1
C002862,occasional,west,0,1
C002863,growth,east,0,2
C002864,high_value,east,0,4
C002865,growth,east,1,0
C002866,high_value,east,1,7
C002867,growth,east,1,2
C002868,occasional,north,0,0
C002869,new,west,1,1
C002870,high_value,north,1,2
C002871,occasional,south,1,1
C002872,occasional,south,1,2
C002873,high_value,west,0,2
C002874,growth,north,1,5
C002875,high_value,south,1,2
C002876,growth,south,1,1
C002877,growth,north,0,1
C002878,growth,north,1,3
C002879,occasional,south,1,2
C002880,high_value,west,0,4
C002881,growth,south,1,2
C002882,high_value,west,0,2
C002883,occasional,east,1,2
C002884,growth,west,0,1
C002885,occasional,west,1,1
C002886,growth,east,1,4
C002887,high_value,east,0,8
C002888,new,north,1,0
C002889,high_value,east,0,6
C002890,high_value,north,1,3
C002891,high_value,east,1,7
C002892,new,east,1,1
C002893,occasional,west,1,0
C002894,occasional,east,0,1
C002895,new,south,1,0
C002896,high_value,south,1,1
C002897,new,east,1,0
C002898,growth,south,1,4
C002899,occasional,south,1,0
C002900,growth,south,0,0
C002901,growth,east,1,1
C002902,new,north,1,1
C002903,high_value,east,1,3
C002904,new,south,1,0
C002905,growth,south,1,2
C002906,occasional,south,0,1
C002907,new,north,0,0
C002908,high_value,east,0,1
C002909,new,east,1,0
C002910,occasional,west,1,0
C002911,occasional,south,0,1
C002912,high_value,east,0,4
C002913,occasional,east,0,0
C002914,occasional,east,1,1
C002915,occasional,east,0,0
C002916,growth,west,0,3
C002917,growth,west,0,2
C002918,new,north,0,1
C002919,high_value,south,0,5
C002920,occasional,east,1,0
C002921,new,east,0,0
C002922,high_value,south,0,5
C002923,growth,north,0,3
C002924,occasional,east,0,0
C002925,high_value,east,1,5
C002926,occasional,north,1,1
C002927,occasional,east,1,0
C002928,occasional,west,0,0
C002929,growth,east,0,3
C002930,occasional,west,0,0
C002931,occasional,south,0,0
C002932,growth,north,1,1
C002933,occasional,east,1,1
C002934,new,north,0,0
C002935,occasional,north,0,1
C002936,occasional,north,0,2
C002937,growth,west,0,4
C002938,high_value,west,0,4
C002939,growth,south,1,4
C002940,high_value,east,0,3
C002941,new,south,1,0
C002942,growth,north,1,2
C002943,new,west,1,0
C002944,growth,west,1,2
C002945,growth,south,1,6
C002946,growth,south,0,2
C002947,growth,west,1,3
C002948,occasional,south,1,1
C002949,new,south,1,0
C002950,new,south,1,1
C002951,growth,south,0,1
C002952,occasional,east,1,0
C002953,high_value,north,1,4
C002954,new,south,0,0
C002955,occasional,south,0,1
C002956,growth,south,0,1
C002957,growth,south,0,6
C002958,high_value,south,1,9
C002959,growth,south,0,1
C002960,new,west,1,0
C002961,occasional,east,1,0
C002962,new,east,1,1
C002963,high_value,south,0,5
C002964,occasional,west,1,0
C002965,growth,north,1,4
C002966,occasional,east,1,3
C002967,growth,north,0,4
C002968,growth,west,1,4
C002969,occasional,south,1,0
C002970,growth,south,1,0
C002971,occasional,north,0,0
C002972,occasional,west,1,0
C002973,high_value,south,0,4
C002974,new,south,1,0
C002975,occasional,west,1,1
C002976,new,north,1,0
C002977,occasional,south,1,2
C002978,occasional,north,1,1
C002979,occasional,north,1,0
C002980,new,north,0,0
C002981,occasional,north,1,2
C002982,growth,west,1,2
C002983,high_value,south,1,6
C002984,occasional,west,1,0
C002985,high_value,south,1,3
C002986,growth,west,1,2
C002987,high_value,north,1,4
C002988,occasional,north,1,2
C002989,growth,north,0,1
C002990,occasional,west,0,1
C002991,occasional,east,0,3
C002992,new,east,1,0
C002993,growth,west,0,1
C002994,occasional,south,1,1
C002995,occasional,east,1,1
C002996,occasional,east,0,0
C002997,occasional,east,1,1
C002998,growth,east,1,1
C002999,new,south,0,1
C003000,high_value,north,0,9
C003001,new,north,1,1
C003002,occasional,east,1,1
C003003,growth,east,1,1
C003004,occasional,east,0,1
C003005,high_value,east,1,8
C003006,occasional,north,1,0
C003007,occasional,south,1,1
C003008,high_value,south,0,5
C003009,high_value,west,0,2
C003010,occasional,east,1,1
C003011,growth,east,0,2
C003012,new,east,1,0
C003013,occasional,south,0,1
C003014,occasional,west,1,1
C003015,growth,east,1,3
C003016,occasional,west,1,2
C003017,new,east,0,0
C003018,high_value,east,0,3
C003019,growth,north,1,2
C003020,growth,east,1,1
C003021,growth,north,1,3
C003022,occasional,east,1,0
C003023,occasional,east,1,0
C003024,occasional,east,1,1
C003025,growth,south,0,1
C003026,high_value,north,0,4
C003027,growth,east,0,3
C003028,new,east,1,0
C003029,occasional,south,1,1
C003030,growth,east,1,1
C003031,occasional,west,1,0
C003032,high_value,east,0,5
C003033,growth,north,0,2
C003034,growth,west,1,2
C003035,new,south,1,1
C003036,occasional,east,0,1
C003037,occasional,west,1,1
C003038,high_value,south,1,6
C003039,growth,east,0,3
C003040,occasional,north,1,0
C003041,growth,west,1,1
C003042,new,north,0,1
C003043,occasional,east,0,2
C003044,growth,south,1,2
C003045,occasional,north,1,2
C003046,new,south,0,1
C003047,occasional,west,1,0
C003048,occasional,north,1,1
C003049,new,south,1,0
C003050,growth,north,0,1
C003051,new,north,1,0
C003052,high_value,north,1,3
C003053,occasional,east,1,0
C003054,occasional,west,1,3
C003055,occasional,east,0,2
C003056,occasional,west,1,1
C003057,occasional,east,1,0
C003058,growth,south,0,1
C003059,growth,west,1,1
C003060,growth,north,1,3
C003061,occasional,east,1,0
C003062,growth,north,0,4
C003063,growth,west,0,4
C003064,new,north,0,0
C003065,growth,north,1,2
C003066,growth,south,1,0
C003067,growth,east,1,6
C003068,growth,north,0,1
C003069,occasional,south,1,2
C003070,growth,south,0,2
C003071,high_value,east,0,5
C003072,new,west,1,0
C003073,new,east,1,0
C003074,occasional,east,1,1
C003075,new,south,1,0
C003076,new,west,0,1
C003077,growth,north,1,0
C003078,occasional,north,0,1
C003079,occasional,north,1,0
C003080,growth,south,1,4
C003081,growth,south,0,2
C003082,high_value,west,0,2
C003083,occasional,east,1,0
C003084,occasional,south,0,0
C003085,occasional,north,0,1
C003086,growth,east,0,2
C003087,growth,south,0,1
C003088,occasional,west,1,2
C003089,occasional,south,1,2
C003090,new,east,0,0
C003091,new,west,1,0
C003092,new,south,1,1
C003093,new,south,1,1
C003094,new,east,1,0
C003095,occasional,south,1,0
C003096,high_value,north,1,3
C003097,high_value,south,1,10
C003098,growth,north,1,2
C003099,growth,east,0,2
C003100,growth,north,1,1
C003101,new,south,1,0
C003102,growth,west,1,1
C003103,new,east,1,0
C003104,occasional,east,1,2
C003105,occasional,east,1,0
C003106,occasional,south,0,1
C003107,growth,east,0,3
C003108,occasional,north,1,2
C003109,growth,east,1,2
C003110,new,east,1,1
C003111,growth,west,1,1
C003112,growth,west,1,4
C003113,occasional,north,0,1
C003114,occasional,south,1,1
C003115,occasional,east,0,3
C003116,occasional,south,1,0
C003117,growth,east,1,4
C003118,occasional,west,0,0
C003119,growth,south,1,0
C003120,growth,west,1,5
C003121,growth,west,1,1
C003122,growth,west,0,1
C003123,growth,north,1,3
C003124,occasional,south,0,1
C003125,growth,north,0,4
C003126,growth,north,0,1
C003127,occasional,north,1,1
C003128,high_value,south,0,5
C003129,occasional,north,1,0
C003130,new,south,0,0
C003131,growth,west,1,2
C003132,new,west,1,1
C003133,high_value,west,1,5
C003134,high_value,north,0,6
C003135,occasional,east,0,2
C003136,occasional,east,1,1
C003137,new,north,1,0
C003138,high_value,west,0,2
C003139,occasional,south,0,1
C003140,growth,west,0,3
C003141,growth,north,1,0
C003142,growth,east,0,1
C003143,new,north,0,1
C003144,high_value,west,1,4
C003145,new,east,1,0
C003146,occasional,north,1,2
C003147,occasional,north,1,2
C003148,occasional,south,0,2
C003149,new,north,1,0
C003150,growth,north,1,3
C003151,high_value,west,1,4
C003152,occasional,west,0,1
C003153,growth,east,0,1
C003154,high_value,west,1,2
C003155,growth,east,0,0
C003156,growth,north,1,1
C003157,high_value,east,0,3
C003158,high_value,north,0,6
C003159,new,west,1,0
C003160,growth,south,0,1
C003161,new,north,1,0
C003162,new,south,0,0
C003163,high_value,east,1,5
C003164,occasional,west,0,1
C003165,occasional,east,1,1
C003166,occasional,north,1,0
C003167,high_value,west,1,3
C003168,growth,west,0,2
C003169,high_value,south,1,1
C003170,occasional,east,0,1
C003171,new,west,1,0
C003172,occasional,south,0,0
C003173,occasional,north,1,2
C003174,new,north,1,0
C003175,occasional,east,0,0
C003176,high_value,west,1,4
C003177,new,east,1,0
C003178,growth,east,0,0
C003179,high_value,south,1,3
C003180,occasional,south,1,1
C003181,new,north,1,0
C003182,growth,south,0,2
C003183,occasional,east,0,1
C003184,growth,west,0,2
C003185,high_value,west,0,2
C003186,high_value,west,1,2
C003187,occasional,north,1,1
C003188,new,west,1,0
C003189,high_value,north,1,1
C003190,growth,east,1,4
C003191,growth,west,0,6
C003192,high_value,west,1,6
C003193,occasional,east,1,3
C003194,occasional,south,1,1
C003195,occasional,east,1,0
C003196,growth,east,1,1
C003197,occasional,east,1,1
C003198,high_value,south,1,5
C003199,growth,south,1,3
C003200,new,east,0,2
C003201,occasional,north,0,0
C003202,new,west,0,0
C003203,new,north,0,0
C003204,occasional,west,0,0
C003205,new,north,1,2
C003206,growth,east,0,7
C003207,high_value,south,1,4
C003208,high_value,east,1,4
C003209,high_value,south,1,10
C003210,high_value,west,1,7
C003211,growth,north,0,2
C003212,occasional,west,1,0
C003213,occasional,east,0,1
C003214,occasional,west,0,1
C003215,high_value,north,1,4
C003216,occasional,north,1,1
C003217,growth,south,1,2
C003218,high_value,south,1,8
C003219,growth,west,0,4
C003220,growth,west,0,2
C003221,growth,south,0,2
C003222,new,west,1,0
C003223,occasional,north,0,2
C003224,occasional,east,0,0
C003225,high_value,north,1,9
C003226,new,east,1,0
C003227,occasional,south,1,1
C003228,growth,south,1,3
C003229,occasional,south,0,0
C003230,occasional,south,1,0
C003231,growth,west,1,1
C003232,high_value,west,0,7
C003233,occasional,south,1,2
C003234,high_value,south,1,4
C003235,growth,east,0,2
C003236,high_value,east,0,5
C003237,new,north,0,0
C003238,growth,east,1,2
C003239,growth,west,0,0
C003240,growth,west,0,3
C003241,new,east,0,0
C003242,occasional,south,1,1
C003243,new,south,1,1
C003244,growth,east,0,1
C003245,high_value,south,0,4
C003246,occasional,north,1,0
C003247,growth,east,1,2
C003248,new,north,0,0
C003249,new,west,1,0
C003250,occasional,south,1,1
C003251,new,south,1,0
C003252,occasional,north,1,0
C003253,growth,north,0,3
C003254,occasional,west,1,0
C003255,high_value,east,1,0
C003256,new,west,0,0
C003257,high_value,west,0,4
C003258,growth,north,1,2
C003259,occasional,south,1,1
C003260,high_value,west,0,4
C003261,high_value,south,1,4
C003262,occasional,east,1,0
C003263,high_value,east,1,9
C003264,occasional,east,1,0
C003265,growth,west,0,3
C003266,growth,west,1,1
C003267,growth,east,1,1
C003268,occasional,east,1,0
C003269,new,south,1,0
C003270,high_value,north,1,2
C003271,new,east,0,1
C003272,occasional,north,1,1
C003273,occasional,east,1,1
C003274,occasional,south,1,0
C003275,occasional,west,0,0
C003276,new,west,1,1
C003277,occasional,east,0,0
C003278,occasional,east,0,0
C003279,growth,south,1,1
C003280,high_value,south,0,2
C003281,occasional,north,1,1
C003282,high_value,north,0,4
C003283,growth,east,0,5
C003284,high_value,west,1,5
C003285,growth,north,0,0
C003286,occasional,south,1,2
C003287,occasional,east,1,0
C003288,growth,east,0,2
C003289,high_value,east,0,3
C003290,growth,east,1,2
C003291,growth,north,0,3
C003292,occasional,south,0,0
C003293,occasional,south,1,0
C003294,occasional,north,0,1
C003295,occasional,south,0,0
C003296,new,south,0,0
C003297,occasional,west,0,0
C003298,occasional,south,1,4
C003299,occasional,west,1,0
C003300,high_value,east,1,2
C003301,new,east,1,1
C003302,growth,west,1,2
C003303,growth,west,0,1
C003304,new,north,1,1
C003305,occasional,south,0,3
C003306,high_value,east,1,4
C003307,high_value,west,1,3
C003308,high_value,north,0,4
C003309,occasional,south,0,0
C003310,high_value,north,1,2
C003311,new,north,0,0
C003312,new,west,1,0
C003313,occasional,north,1,1
C003314,occasional,west,1,3
C003315,growth,west,0,2
C003316,high_value,west,1,2
C003317,occasional,north,0,1
C003318,high_value,north,1,6
C003319,high_value,south,1,3
C003320,growth,east,0,4
C003321,high_value,west,1,6
C003322,growth,south,1,2
C003323,occasional,north,1,0
C003324,new,west,1,0
C003325,occasional,west,1,2
C003326,new,east,1,1
C003327,growth,east,1,3
C003328,new,west,1,1
C003329,occasional,south,1,0
C003330,growth,north,1,4
C003331,new,east,1,1
C003332,growth,south,0,1
C003333,high_value,west,0,4
C003334,growth,west,1,2
C003335,growth,south,1,1
C003336,growth,south,1,1
C003337,occasional,south,1,1
C003338,new,east,1,0
C003339,growth,east,0,3
C003340,occasional,east,0,0
C003341,growth,east,1,1
C003342,new,west,0,0
C003343,growth,south,1,1
C003344,high_value,north,0,10
C003345,occasional,west,0,1
C003346,occasional,west,1,0
C003347,occasional,east,1,1
C003348,occasional,south,1,0
C003349,occasional,south,0,0
C003350,growth,south,1,2
C003351,high_value,north,0,5
C003352,high_value,east,1,7
C003353,high_value,south,1,6
C003354,growth,south,0,3
C003355,occasional,east,1,2
C003356,growth,west,1,3
C003357,occasional,north,0,3
C003358,occasional,west,1,1
C003359,occasional,east,0,0
C003360,occasional,west,0,3
C003361,growth,south,1,1
C003362,growth,west,1,2
C003363,occasional,east,1,0
C003364,occasional,east,0,1
C003365,growth,east,0,2
C003366,growth,south,0,3
C003367,occasional,east,0,0
C003368,occasional,west,1,1
C003369,high_value,west,1,2
C003370,growth,north,1,0
C003371,new,east,0,1
C003372,high_value,west,1,2
C003373,new,east,1,0
C003374,growth,south,1,2
C003375,occasional,south,1,0
C003376,growth,east,1,2
C003377,high_value,east,1,5
C003378,new,south,0,0
C003379,occasional,south,0,2
C003380,new,south,1,1
C003381,growth,north,0,6
C003382,new,north,1,0
C003383,new,north,0,0
C003384,occasional,south,1,1
C003385,growth,east,1,2
C003386,occasional,south,1,0
C003387,occasional,west,1,0
C003388,new,north,1,0
C003389,growth,south,0,2
C003390,growth,north,0,1
C003391,high_value,south,1,3
C003392,occasional,east,1,1
C003393,new,south,0,1
C003394,high_value,south,1,9
C003395,occasional,east,1,2
C003396,new,west,1,0
C003397,high_value,north,1,2
C003398,high_value,north,1,4
C003399,occasional,north,1,0
C003400,occasional,east,1,1
C003401,high_value,west,0,8
C003402,new,north,0,0
C003403,occasional,north,0,0
C003404,new,east,1,0
C003405,new,west,0,0
C003406,new,east,0,1
C003407,occasional,west,1,1
C003408,growth,east,1,1
C003409,occasional,north,0,1
C003410,high_value,south,1,4
C003411,occasional,west,0,0
C003412,high_value,east,0,8
C003413,occasional,north,0,1
C003414,high_value,north,0,9
C003415,growth,east,0,4
C003416,growth,south,0,2
C003417,occasional,east,0,2
C003418,occasional,south,1,2
C003419,high_value,south,0,5
C003420,new,east,1,0
C003421,new,north,1,0
C003422,growth,south,1,3
C003423,occasional,south,1,0
C003424,growth,west,1,2
C003425,growth,east,1,0
C003426,occasional,south,1,1
C003427,high_value,south,0,3
C003428,new,north,0,1
C003429,new,north,0,0
C003430,new,south,1,0
C003431,occasional,west,1,2
C003432,occasional,north,0,0
C003433,new,north,1,0
C003434,growth,east,0,3
C003435,high_value,north,0,0
C003436,occasional,west,1,2
C003437,growth,west,1,0
C003438,growth,west,1,2
C003439,high_value,south,1,7
C003440,occasional,south,1,0
C003441,growth,south,0,0
C003442,growth,north,0,2
C003443,high_value,east,1,8
C003444,growth,west,1,0
C003445,new,south,1,0
C003446,growth,north,1,1
C003447,occasional,east,0,0
C003448,occasional,south,1,1
C003449,growth,west,0,1
C003450,new,west,1,0
C003451,occasional,west,1,1
C003452,occasional,south,0,0
C003453,high_value,west,0,6
C003454,high_value,north,0,3
C003455,new,south,1,0
C003456,occasional,south,0,1
C003457,new,west,1,0
C003458,new,east,1,0
C003459,high_value,south,0,5
C003460,occasional,north,1,0
C003461,occasional,west,0,1
C003462,occasional,east,1,0
C003463,high_value,west,1,6
C003464,growth,south,1,5
C003465,occasional,north,0,1
C003466,occasional,south,0,3
C003467,occasional,east,1,0
C003468,growth,north,1,3
C003469,growth,north,1,1
C003470,new,west,1,0
C003471,growth,east,0,2
C003472,growth,south,1,5
C003473,occasional,east,1,0
C003474,growth,east,1,3
C003475,occasional,north,1,1
C003476,growth,south,0,4
C003477,new,south,0,1
C003478,new,north,1,0
C003479,new,north,0,0
C003480,occasional,south,1,0
C003481,growth,east,0,0
C003482,occasional,east,0,1
C003483,new,west,1,2
C003484,occasional,south,0,1
C003485,occasional,east,1,0
C003486,occasional,west,0,0
C003487,occasional,east,1,2
C003488,occasional,west,1,0
C003489,growth,north,0,2
C003490,occasional,west,1,2
C003491,occasional,east,1,2
C003492,high_value,east,1,5
C003493,new,north,1,0
C003494,occasional,east,0,1
C003495,high_value,west,0,4
C003496,new,east,0,1
C003497,occasional,north,1,0
C003498,occasional,south,1,1
C003499,growth,east,1,2
C003500,new,west,1,0
C003501,growth,south,0,2
C003502,occasional,west,1,2
C003503,high_value,west,1,3
C003504,occasional,south,0,0
C003505,occasional,north,1,0
C003506,occasional,west,1,0
C003507,occasional,east,0,2
C003508,new,west,1,0
C003509,occasional,west,0,1
C003510,growth,south,0,2
C003511,new,north,1,1
C003512,occasional,west,1,1
C003513,new,east,1,0
C003514,new,north,0,0
C003515,new,east,1,1
C003516,occasional,north,0,0
C003517,occasional,south,1,1
C003518,growth,south,1,0
C003519,occasional,south,1,0
C003520,occasional,east,1,1
C003521,occasional,west,1,0
C003522,new,south,1,1
C003523,high_value,east,0,4
C003524,growth,west,1,3
C003525,occasional,east,0,0
C003526,growth,south,1,7
C003527,high_value,east,0,3
C003528,growth,south,1,2
C003529,new,south,0,0
C003530,occasional,east,1,2
C003531,high_value,south,1,3
C003532,high_value,north,1,3
C003533,occasional,west,1,1
C003534,growth,east,1,3
C003535,occasional,north,1,1
C003536,occasional,south,0,1
C003537,growth,south,1,1
C003538,occasional,west,1,0
C003539,growth,west,0,2
C003540,growth,east,0,2
C003541,new,south,1,0
C003542,occasional,north,1,0
C003543,new,north,1,1
C003544,growth,north,1,2
C003545,growth,west,1,4
C003546,occasional,north,0,0
C003547,occasional,east,0,1
C003548,new,west,1,1
C003549,high_value,south,1,5
C003550,new,east,1,0
C003551,new,west,1,0
C003552,occasional,south,1,1
C003553,growth,south,0,4
C003554,occasional,north,1,0
C003555,growth,south,0,1
C003556,occasional,west,1,0
C003557,occasional,east,1,2
C003558,new,north,1,2
C003559,occasional,east,1,2
C003560,occasional,east,1,0
C003561,occasional,north,1,4
C003562,occasional,west,1,2
C003563,new,north,0,0
C003564,growth,south,0,2
C003565,new,south,1,1
C003566,new,east,1,0
C003567,new,west,1,0
C003568,occasional,north,1,2
C003569,new,south,0,0
C003570,growth,south,1,0
C003571,occasional,west,0,0
C003572,high_value,west,0,5
C003573,growth,south,0,0
C003574,growth,east,1,2
C003575,growth,west,1,3
C003576,growth,west,1,0
C003577,new,east,1,0
C003578,growth,east,0,0
C003579,occasional,west,1,0
C003580,high_value,north,1,2
C003581,occasional,south,1,2
C003582,occasional,east,1,1
C003583,growth,north,1,2
C003584,occasional,east,0,0
C003585,new,west,0,2
C003586,new,north,1,0
C003587,growth,west,1,5
C003588,occasional,south,1,0
C003589,occasional,west,1,0
C003590,growth,east,0,0
C003591,new,north,0,0
C003592,growth,east,0,2
C003593,new,north,0,0
C003594,high_value,north,1,6
C003595,high_value,west,0,2
C003596,new,west,0,0
C003597,new,north,0,0
C003598,new,south,1,0
C003599,new,north,0,0
C003600,growth,south,1,1
C003601,growth,west,0,3
C003602,high_value,north,0,6
C003603,occasional,east,0,2
C003604,growth,west,1,4
C003605,new,west,1,0
C003606,high_value,south,0,2
C003607,high_value,east,0,3
C003608,growth,south,0,1
C003609,growth,north,1,2
C003610,growth,north,0,6
C003611,occasional,east,0,0
C003612,growth,east,1,3
C003613,occasional,east,1,0
C003614,new,west,0,1
C003615,occasional,east,1,0
C003616,occasional,south,0,2
C003617,growth,south,1,3
C003618,growth,west,1,3
C003619,growth,west,1,3
C003620,new,north,0,1
C003621,occasional,west,0,1
C003622,growth,north,0,0
C003623,occasional,west,0,1
C003624,new,east,1,1
C003625,occasional,east,0,0
C003626,occasional,east,1,0
C003627,new,east,1,0
C003628,occasional,south,1,1
C003629,occasional,west,1,0
C003630,growth,east,0,2
C003631,high_value,east,1,5
C003632,new,south,0,0
C003633,occasional,north,0,1
C003634,growth,east,1,1
C003635,occasional,south,1,0
C003636,high_value,east,0,3
C003637,new,south,1,0
C003638,growth,west,0,2
C003639,new,east,1,1
C003640,occasional,south,1,0
C003641,growth,east,1,1
C003642,high_value,east,1,4
C003643,new,east,1,1
C003644,growth,east,1,1
C003645,high_value,west,1,6
C003646,occasional,south,0,0
C003647,growth,south,1,1
C003648,growth,south,1,1
C003649,growth,east,1,4
C003650,new,west,1,1
C003651,growth,east,1,1
C003652,growth,north,0,1
C003653,growth,west,1,5
C003654,growth,west,0,3
C003655,growth,south,1,1
C003656,high_value,north,1,3
C003657,growth,south,1,4
C003658,growth,west,0,0
C003659,new,east,0,0
C003660,high_value,north,1,7
C003661,growth,north,0,5
C003662,new,west,1,1
C003663,new,south,1,0
C003664,occasional,east,0,1
C003665,growth,south,1,3
C003666,growth,north,1,1
C003667,growth,south,1,2
C003668,high_value,east,0,2
C003669,growth,south,1,4
C003670,occasional,east,0,2
C003671,growth,south,1,2
C003672,occasional,south,0,0
C003673,growth,south,1,3
C003674,growth,south,1,2
C003675,occasional,south,1,0
C003676,new,east,1,0
C003677,growth,south,1,2
C003678,occasional,east,0,0
C003679,growth,south,1,3
C003680,high_value,south,1,3
C003681,occasional,west,0,0
C003682,growth,west,1,4
C003683,growth,south,1,1
C003684,occasional,south,1,0
C003685,growth,east,1,4
C003686,high_value,north,1,6
C003687,growth,south,0,1
C003688,new,east,1,0
C003689,occasional,east,1,1
C003690,growth,north,0,1
C003691,high_value,north,1,6
C003692,occasional,south,1,2
C003693,high_value,north,0,7
C003694,occasional,east,1,3
C003695,occasional,west,1,0
C003696,growth,south,0,1
C003697,growth,south,0,3
C003698,high_value,north,0,7
C003699,high_value,north,0,2
C003700,growth,east,1,0
C003701,new,south,1,0
C003702,growth,east,0,6
C003703,occasional,east,0,2
C003704,occasional,west,0,1
C003705,high_value,north,1,8
C003706,growth,east,0,0
C003707,growth,west,1,4
C003708,occasional,south,1,3
C003709,growth,north,1,3
C003710,occasional,south,1,0
C003711,new,west,0,0
C003712,occasional,west,1,1
C003713,new,south,0,0
C003714,occasional,north,1,1
C003715,new,south,1,0
C003716,new,north,1,0
C003717,occasional,east,1,3
C003718,new,west,0,1
C003719,new,north,1,0
C003720,occasional,east,1,0
C003721,occasional,west,1,1
C003722,occasional,east,1,0
C003723,new,west,1,0
C003724,growth,north,0,1
C003725,new,east,1,1
C003726,occasional,north,1,1
C003727,new,west,0,1
C003728,growth,south,0,2
C003729,occasional,north,1,2
C003730,occasional,east,0,2
C003731,new,east,0,0
C003732,new,south,1,0
C003733,occasional,south,1,2
C003734,occasional,north,0,1
C003735,growth,west,0,0
C003736,new,north,0,0
C003737,growth,west,1,1
C003738,occasional,east,0,0
C003739,occasional,east,1,2
C003740,growth,east,0,1
C003741,growth,west,0,4
C003742,growth,north,1,2
C003743,new,west,1,0
C003744,occasional,north,1,1
C003745,high_value,west,0,8
C003746,occasional,south,1,0
C003747,growth,west,0,1
C003748,new,north,1,0
C003749,growth,south,1,3
C003750,growth,east,1,2
C003751,high_value,west,0,5
C003752,occasional,north,1,3
C003753,occasional,north,1,1
C003754,occasional,east,1,1
C003755,occasional,north,0,1
C003756,growth,west,0,3
C003757,growth,north,1,5
C003758,growth,west,1,7
C003759,new,east,1,0
C003760,growth,west,1,2
C003761,new,north,0,0
C003762,growth,south,1,2
C003763,high_value,south,1,3
C003764,growth,north,0,2
C003765,high_value,north,1,5
C003766,occasional,south,1,0
C003767,occasional,east,1,1
C003768,growth,east,1,2
C003769,occasional,north,1,1
C003770,occasional,north,1,1
C003771,new,east,1,0
C003772,new,south,1,0
C003773,occasional,west,0,0
C003774,new,south,1,0
C003775,occasional,south,1,1
C003776,occasional,north,1,0
C003777,occasional,south,1,2
C003778,high_value,east,1,6
C003779,occasional,south,1,0
C003780,new,east,0,1
C003781,high_value,north,1,5
C003782,new,east,0,1
C003783,new,south,1,0
C003784,growth,west,1,1
C003785,occasional,south,1,1
C003786,new,north,1,0
C003787,new,east,0,0
C003788,high_value,north,0,1
C003789,growth,west,0,2
C003790,occasional,south,1,0
C003791,growth,west,0,4
C003792,growth,east,1,0
C003793,high_value,south,1,1
C003794,growth,east,1,7
C003795,occasional,north,1,0
C003796,occasional,north,0,2
C003797,occasional,west,0,0
C003798,occasional,west,1,1
C003799,growth,west,1,2
C003800,growth,south,0,3
C003801,high_value,south,0,2
C003802,growth,south,0,2
C003803,growth,east,1,0
C003804,growth,east,1,3
C003805,high_value,west,0,2
C003806,growth,west,1,2
C003807,occasional,south,0,1
C003808,occasional,east,0,2
C003809,new,east,0,1
C003810,occasional,west,1,0
C003811,occasional,south,0,0
C003812,high_value,north,0,5
C003813,occasional,south,1,0
C003814,high_value,east,1,3
C003815,growth,west,1,2
C003816,growth,west,1,0
C003817,growth,north,0,1
C003818,growth,east,0,2
C003819,occasional,north,1,1
C003820,new,south,1,0
C003821,occasional,west,1,0
C003822,occasional,west,1,0
C003823,occasional,north,1,1
C003824,high_value,north,0,3
C003825,occasional,east,0,4
C003826,occasional,south,0,0
C003827,growth,south,0,1
C003828,growth,west,1,2
C003829,new,west,0,1
C003830,occasional,west,1,0
C003831,occasional,west,1,2
C003832,occasional,west,1,1
C003833,growth,east,1,1
C003834,occasional,west,1,4
C003835,growth,east,1,3
C003836,growth,north,1,7
C003837,occasional,west,0,2
C003838,high_value,west,1,3
C003839,occasional,south,1,1
C003840,growth,south,0,2
C003841,occasional,east,1,1
C003842,occasional,east,1,0
C003843,occasional,east,0,1
C003844,occasional,south,1,1
C003845,new,west,1,1
C003846,occasional,west,1,2
C003847,occasional,west,1,0
C003848,occasional,east,0,1
C003849,growth,north,1,1
C003850,growth,west,0,3
C003851,growth,north,0,2
C003852,growth,north,0,3
C003853,growth,south,1,2
C003854,growth,north,1,3
C003855,occasional,east,0,4
C003856,growth,south,0,4
C003857,new,north,1,1
C003858,growth,north,1,4
C003859,occasional,north,0,1
C003860,high_value,east,1,1
C003861,occasional,west,1,1
C003862,high_value,south,0,7
C003863,occasional,north,1,0
C003864,growth,east,1,2
C003865,new,west,0,1
C003866,growth,north,0,3
C003867,occasional,west,1,1
C003868,growth,north,0,2
C003869,occasional,south,1,0
C003870,occasional,east,1,0
C003871,growth,north,0,2
C003872,growth,south,1,3
C003873,high_value,north,1,2
C003874,high_value,north,0,6
C003875,new,west,1,0
C003876,growth,north,1,5
C003877,high_value,north,0,3
C003878,new,north,1,0
C003879,high_value,north,0,1
C003880,growth,east,1,1
C003881,occasional,west,1,0
C003882,new,north,0,0
C003883,occasional,east,1,0
C003884,occasional,south,0,3
C003885,new,north,0,0
C003886,high_value,east,0,2
C003887,new,north,1,0
C003888,new,east,1,0
C003889,new,east,0,1
C003890,growth,east,1,1
C003891,high_value,north,0,4
C003892,occasional,south,0,1
C003893,occasional,east,1,1
C003894,occasional,west,1,1
C003895,new,north,0,0
C003896,occasional,south,1,1
C003897,growth,west,1,0
C003898,growth,south,1,3
C003899,high_value,south,0,3
C003900,growth,west,1,0
C003901,high_value,west,1,6
C003902,new,east,0,1
C003903,occasional,east,0,1
C003904,occasional,east,0,2
C003905,growth,south,1,4
C003906,occasional,west,0,3
C003907,new,north,0,1
C003908,new,north,0,0
C003909,occasional,east,1,1
C003910,new,west,1,0
C003911,occasional,west,1,2
C003912,occasional,east,1,0
C003913,new,south,1,0
C003914,growth,south,0,1
C003915,growth,south,1,3
C003916,growth,south,0,2
C003917,occasional,south,1,0
C003918,occasional,north,0,4
C003919,occasional,south,1,0
C003920,growth,west,0,3
C003921,growth,east,1,2
C003922,new,north,0,0
C003923,growth,south,1,4
C003924,new,south,1,0
C003925,growth,south,0,3
C003926,occasional,east,1,0
C003927,occasional,west,0,2
C003928,new,east,1,0
C003929,high_value,south,1,2
C003930,new,north,1,0
C003931,occasional,north,1,0
C003932,occasional,west,1,2
C003933,occasional,east,1,0
C003934,high_value,east,0,7
C003935,occasional,east,0,1
C003936,growth,west,1,2
C003937,growth,west,1,4
C003938,occasional,north,1,2
C003939,occasional,south,0,0
C003940,high_value,north,1,7
C003941,high_value,south,0,5
C003942,growth,east,1,1
C003943,growth,north,1,3
C003944,occasional,north,0,0
C003945,growth,south,1,3
C003946,new,east,1,0
C003947,growth,east,1,2
C003948,high_value,north,1,5
C003949,new,north,1,0
C003950,growth,west,0,2
C003951,growth,east,1,1
C003952,new,west,1,0
C003953,new,west,1,0
C003954,occasional,west,1,0
C003955,high_value,east,0,4
C003956,occasional,west,1,0
C003957,new,south,1,0
C003958,new,west,1,1
C003959,high_value,south,0,4
C003960,growth,south,0,1
C003961,growth,east,1,1
C003962,high_value,south,0,5
C003963,occasional,north,0,3
C003964,growth,west,0,1
C003965,growth,south,1,4
C003966,high_value,west,0,5
C003967,occasional,south,1,0
C003968,growth,west,1,1
C003969,growth,east,1,8
C003970,high_value,west,1,6
C003971,new,west,1,0
C003972,high_value,north,1,3
C003973,occasional,west,0,1
C003974,growth,west,0,1
C003975,high_value,east,1,5
C003976,growth,west,1,2
C003977,high_value,west,0,8
C003978,high_value,east,1,4
C003979,occasional,south,1,1
C003980,occasional,west,0,1
C003981,high_value,north,1,2
C003982,growth,east,1,3
C003983,occasional,west,0,0
C003984,growth,west,1,0
C003985,growth,south,1,2
C003986,high_value,north,0,6
C003987,growth,south,0,0
C003988,occasional,west,1,2
C003989,new,east,0,0
C003990,new,north,1,0
C003991,new,north,1,0
C003992,growth,south,1,0
C003993,high_value,south,1,3
C003994,growth,north,1,3
C003995,growth,south,0,2
C003996,high_value,south,1,5
C003997,high_value,north,0,3
C003998,occasional,north,1,0
C003999,growth,east,0,1
C004000,growth,west,1,1
C004001,occasional,west,1,0
C004002,growth,east,0,2
C004003,new,north,0,1
C004004,growth,west,1,1
C004005,occasional,west,1,0
C004006,growth,south,1,1
C004007,occasional,south,1,2
C004008,growth,north,1,4
C004009,growth,west,0,0
C004010,occasional,west,1,0
C004011,growth,north,1,3
C004012,growth,east,1,2
C004013,new,south,0,0
C004014,high_value,east,1,5
C004015,occasional,north,1,0
C004016,occasional,west,1,1
C004017,growth,south,0,5
C004018,occasional,west,1,1
C004019,high_value,north,1,2
C004020,occasional,east,1,1
C004021,growth,south,0,4
C004022,growth,west,1,1
C004023,growth,east,1,2
C004024,new,east,1,0
C004025,occasional,north,1,0
C004026,new,east,1,0
C004027,occasional,north,1,0
C004028,occasional,south,1,0
C004029,occasional,north,1,0
C004030,new,north,1,0
C004031,occasional,east,1,2
C004032,growth,north,1,1
C004033,occasional,east,1,1
C004034,occasional,west,1,1
C004035,high_value,north,1,2
C004036,growth,east,0,2
C004037,growth,south,0,7
C004038,new,south,0,0
C004039,growth,east,1,4
C004040,new,east,0,0
C004041,growth,east,0,3
C004042,occasional,north,1,1
C004043,high_value,east,1,3
C004044,new,south,0,0
C004045,occasional,south,0,1
C004046,growth,west,0,2
C004047,growth,north,0,3
C004048,growth,south,0,3
C004049,growth,south,0,1
C004050,occasional,north,1,1
C004051,new,west,1,0
C004052,occasional,south,0,1
C004053,occasional,east,1,2
C004054,growth,south,1,3
C004055,new,west,1,0
C004056,new,east,1,1
C004057,growth,south,1,2
C004058,new,west,1,0
C004059,growth,west,1,2
C004060,new,east,1,1
C004061,new,north,1,0
C004062,occasional,east,0,1
C004063,growth,east,1,0
C004064,occasional,south,0,2
C004065,high_value,north,1,5
C004066,occasional,east,1,3
C004067,growth,west,0,1
C004068,occasional,south,0,1
C004069,new,south,1,0
C004070,growth,north,0,1
C004071,growth,east,0,2
C004072,occasional,west,1,0
C004073,growth,west,1,1
C004074,growth,south,1,4
C004075,high_value,north,1,6
C004076,growth,south,0,2
C004077,occasional,west,1,4
C004078,occasional,north,0,1
C004079,growth,north,0,1
C004080,occasional,west,0,2
C004081,growth,east,1,1
C004082,growth,north,1,2
C004083,occasional,north,1,1
C004084,growth,south,0,1
C004085,occasional,east,1,3
C004086,new,west,0,0
C004087,occasional,west,1,0
C004088,occasional,south,1,1
C004089,high_value,south,0,0
C004090,growth,west,0,1
C004091,high_value,west,1,6
C004092,occasional,north,0,0
C004093,new,east,1,0
C004094,growth,east,0,3
C004095,growth,north,1,1
C004096,growth,west,1,3
C004097,occasional,south,1,1
C004098,occasional,east,1,0
C004099,occasional,south,0,1
C004100,new,east,1,0
C004101,growth,west,1,6
C004102,occasional,south,1,1
C004103,occasional,south,1,2
C004104,growth,west,0,4
C004105,new,west,1,0
C004106,high_value,west,0,2
C004107,occasional,west,0,0
C004108,occasional,east,1,0
C004109,new,west,0,1
C004110,occasional,west,1,0
C004111,growth,north,1,4
C004112,new,east,1,0
C004113,occasional,north,1,0
C004114,occasional,east,1,1
C004115,occasional,south,1,0
C004116,growth,south,0,2
C004117,occasional,west,1,0
C004118,new,east,0,0
C004119,growth,east,1,0
C004120,occasional,west,0,3
C004121,new,north,1,0
C004122,occasional,east,1,3
C004123,new,north,1,0
C004124,growth,north,0,6
C004125,new,north,0,2
C004126,growth,east,1,6
C004127,occasional,east,0,1
C004128,occasional,west,0,2
C004129,occasional,south,1,2
C004130,new,west,1,0
C004131,occasional,south,0,2
C004132,occasional,north,0,0
C004133,growth,north,1,5
C004134,occasional,north,1,1
C004135,occasional,south,1,0
C004136,high_value,south,0,6
C004137,occasional,west,1,0
C004138,new,north,1,0
C004139,occasional,south,1,2
C004140,occasional,west,0,2
C004141,growth,north,0,0
C004142,occasional,south,1,2
C004143,high_value,north,1,3
C004144,growth,east,0,1
C004145,occasional,west,1,2
C004146,growth,north,1,4
C004147,high_value,south,0,5
C004148,occasional,south,1,1
C004149,growth,west,1,4
C004150,growth,west,1,1
C004151,growth,north,0,1
C004152,occasional,south,0,1
C004153,growth,west,1,3
C004154,occasional,north,0,3
C004155,occasional,west,0,2
C004156,high_value,north,0,1
C004157,new,east,1,0
C004158,high_value,west,1,3
C004159,occasional,east,0,1
C004160,growth,west,1,8
C004161,occasional,east,1,1
C004162,growth,north,1,4
C004163,new,east,0,1
C004164,growth,east,1,2
C004165,occasional,south,1,1
C004166,growth,north,0,3
C004167,high_value,east,1,5
C004168,growth,east,1,3
C004169,occasional,west,1,1
C004170,occasional,north,1,0
C004171,new,east,0,0
C004172,occasional,west,1,1
C004173,new,west,0,1
C004174,growth,west,1,3
C004175,occasional,north,1,1
C004176,occasional,north,1,0
C004177,occasional,east,1,1
C004178,new,south,1,0
C004179,occasional,north,1,0
C004180,new,north,0,1
C004181,occasional,north,1,2
C004182,high_value,south,0,7
C004183,occasional,east,1,0
C004184,occasional,north,1,0
C004185,new,north,1,0
C004186,new,south,1,0
C004187,high_value,west,1,3
C004188,high_value,west,1,2
C004189,high_value,south,1,8
C004190,occasional,north,0,0
C004191,high_value,north,1,1
C004192,occasional,west,0,2
C004193,occasional,south,1,0
C004194,new,north,1,1
C004195,growth,west,1,3
C004196,occasional,east,1,1
C004197,high_value,south,0,6
C004198,new,south,0,0
C004199,growth,north,1,3
C004200,high_value,west,1,3
C004201,growth,west,0,1
C004202,new,north,1,0
C004203,high_value,east,1,9
C004204,occasional,north,1,0
C004205,occasional,south,1,0
C004206,occasional,east,1,0
C004207,growth,north,1,2
C004208,high_value,east,0,8
C004209,growth,north,1,1
C004210,growth,east,0,3
C004211,occasional,south,0,2
C004212,growth,north,1,3
C004213,growth,west,1,7
C004214,high_value,south,1,4
C004215,occasional,west,0,1
C004216,growth,west,1,3
C004217,occasional,north,0,2
C004218,high_value,east,1,5
C004219,new,south,0,0
C004220,occasional,east,1,1
C004221,growth,east,1,3
C004222,high_value,south,0,7
C004223,growth,east,0,3
C004224,growth,south,1,2
C004225,growth,west,1,6
C004226,new,west,1,1
C004227,occasional,north,0,2
C004228,growth,east,1,1
C004229,occasional,west,1,3
C004230,growth,north,0,1
C004231,new,east,1,0
C004232,high_value,west,1,6
C004233,occasional,north,0,0
C004234,occasional,east,0,2
C004235,high_value,west,0,6
C004236,growth,south,1,2
C004237,growth,north,1,2
C004238,new,south,0,0
C004239,occasional,south,1,2
C004240,occasional,east,1,1
C004241,occasional,south,1,1
C004242,new,south,1,1
C004243,occasional,west,0,0
C004244,occasional,east,1,3
C004245,occasional,west,1,0
C004246,growth,east,0,3
C004247,new,west,0,1
C004248,high_value,north,1,3
C004249,growth,west,0,2
C004250,new,west,1,0
C004251,growth,north,0,1
C004252,high_value,south,1,5
C004253,growth,south,1,1
C004254,occasional,south,1,1
C004255,new,west,0,1
C004256,high_value,east,1,4
C004257,high_value,north,1,4
C004258,occasional,east,0,1
C004259,new,west,1,0
C004260,growth,south,0,2
C004261,new,west,1,0
C004262,new,east,1,0
C004263,growth,west,1,1
C004264,new,west,1,0
C004265,occasional,north,1,1
C004266,occasional,west,1,0
C004267,growth,north,0,1
C004268,new,west,1,0
C004269,occasional,west,1,0
C004270,occasional,south,0,1
C004271,new,north,1,1
C004272,occasional,south,0,0
C004273,new,south,0,1
C004274,new,east,1,0
C004275,growth,north,0,3
C004276,high_value,north,0,1
C004277,growth,south,1,0
C004278,new,west,0,0
C004279,growth,south,1,3
C004280,occasional,south,1,1
C004281,high_value,north,1,5
C004282,growth,south,1,2
C004283,occasional,south,0,0
C004284,high_value,south,1,3
C004285,new,south,0,0
C004286,growth,south,0,6
C004287,new,east,0,0
C004288,growth,south,0,4
C004289,new,west,1,0
C004290,occasional,east,0,1
C004291,high_value,east,0,5
C004292,high_value,east,1,4
C004293,high_value,west,0,6
C004294,occasional,south,1,0
C004295,new,west,1,0
C004296,growth,north,1,3
C004297,growth,north,1,4
C004298,occasional,west,1,0
C004299,occasional,west,1,0
C004300,occasional,north,0,2
C004301,occasional,east,0,4
C004302,occasional,east,0,0
C004303,new,north,0,1
C004304,growth,east,0,1
C004305,high_value,east,0,6
C004306,high_value,east,1,2
C004307,occasional,east,0,3
C004308,growth,west,1,1
C004309,new,north,1,0
C004310,occasional,east,1,1
C004311,occasional,south,1,1
C004312,occasional,west,0,1
C004313,growth,south,1,1
C004314,new,west,0,0
C004315,high_value,east,1,7
C004316,occasional,north,1,1
C004317,new,west,1,0
C004318,occasional,north,1,2
C004319,new,south,0,1
C004320,growth,south,1,2
C004321,new,east,1,0
C004322,occasional,south,1,1
C004323,occasional,east,0,0
C004324,high_value,east,0,1
C004325,growth,north,0,5
C004326,occasional,north,1,2
C004327,high_value,south,0,2
C004328,occasional,north,1,0
C004329,new,west,1,0
C004330,new,south,1,0
C004331,high_value,south,1,3
C004332,new,east,1,1
C004333,high_value,west,1,6
C004334,occasional,east,1,1
C004335,new,east,1,1
C004336,high_value,west,1,3
C004337,high_value,west,1,1
C004338,high_value,north,0,5
C004339,occasional,north,0,2
C004340,new,south,1,1
C004341,high_value,west,1,11
C004342,high_value,west,1,6
C004343,occasional,east,1,0
C004344,growth,east,1,3
C004345,occasional,north,1,0
C004346,new,east,0,0
C004347,occasional,north,0,1
C004348,new,east,0,0
C004349,occasional,north,0,2
C004350,new,north,0,0
C004351,growth,west,0,3
C004352,high_value,west,0,1
C004353,occasional,east,0,0
C004354,high_value,east,0,11
C004355,new,north,0,0
C004356,occasional,east,1,4
C004357,new,east,1,1
C004358,growth,east,1,2
C004359,occasional,south,1,0
C004360,occasional,south,1,0
C004361,growth,west,1,0
C004362,occasional,south,1,0
C004363,occasional,west,1,2
C004364,new,west,0,0
C004365,occasional,west,1,2
C004366,high_value,east,1,8
C004367,occasional,north,1,0
C004368,occasional,north,1,2
C004369,high_value,east,0,6
C004370,growth,south,0,3
C004371,growth,north,1,4
C004372,high_value,west,1,6
C004373,occasional,west,1,1
C004374,growth,south,0,2
C004375,occasional,east,0,1
C004376,growth,south,0,1
C004377,occasional,south,1,0
C004378,growth,east,0,0
C004379,new,south,0,0
C004380,high_value,west,0,5
C004381,occasional,north,1,3
C004382,growth,east,1,3
C004383,growth,west,1,3
C004384,occasional,west,1,1
C004385,new,north,0,0
C004386,new,north,1,0
C004387,growth,east,1,0
C004388,growth,west,0,2
C004389,occasional,west,1,0
C004390,occasional,west,0,2
C004391,growth,north,0,1
C004392,occasional,east,0,1
C004393,occasional,east,0,0
C004394,occasional,east,1,0
C004395,growth,west,1,0
C004396,growth,north,0,2
C004397,growth,south,1,0
C004398,occasional,south,1,3
C004399,growth,west,1,3
C004400,occasional,north,1,1
C004401,occasional,south,1,2
C004402,occasional,north,1,0
C004403,high_value,north,1,7
C004404,growth,west,0,2
C004405,occasional,west,1,0
C004406,occasional,south,1,1
C004407,new,east,1,0
C004408,growth,east,1,2
C004409,new,west,1,0
C004410,growth,south,1,5
C004411,growth,west,0,0
C004412,high_value,south,1,4
C004413,occasional,east,0,0
C004414,growth,south,1,1
C004415,growth,east,1,1
C004416,occasional,south,1,0
C004417,occasional,west,0,2
C004418,high_value,east,1,2
C004419,high_value,south,1,4
C004420,occasional,west,1,0
C004421,growth,east,1,2
C004422,growth,south,0,1
C004423,occasional,north,0,1
C004424,growth,west,1,4
C004425,occasional,west,1,1
C004426,growth,east,1,4
C004427,growth,west,0,2
C004428,high_value,east,1,1
C004429,growth,north,1,1
C004430,high_value,north,0,3
C004431,growth,north,0,2
C004432,new,north,1,0
C004433,new,east,1,0
C004434,growth,west,0,2
C004435,occasional,north,0,1
C004436,occasional,east,1,0
C004437,new,north,1,0
C004438,growth,south,1,3
C004439,growth,west,1,2
C004440,growth,west,1,3
C004441,high_value,west,0,4
C004442,growth,south,1,2
C004443,new,west,1,0
C004444,new,west,0,0
C004445,high_value,south,1,0
C004446,occasional,south,1,0
C004447,growth,north,0,0
C004448,occasional,west,1,1
C004449,occasional,north,0,3
C004450,high_value,south,1,10
C004451,new,south,1,0
C004452,new,north,0,0
C004453,occasional,west,1,1
C004454,occasional,east,1,1
C004455,occasional,north,1,2
C004456,growth,north,1,3
C004457,high_value,north,1,11
C004458,occasional,west,0,0
C004459,high_value,south,1,6
C004460,new,east,1,0
C004461,growth,north,1,4
C004462,growth,north,1,5
C004463,growth,east,1,3
C004464,new,north,1,0
C004465,growth,east,0,3
C004466,growth,west,1,4
C004467,growth,south,1,3
C004468,occasional,east,0,1
C004469,new,west,1,0
C004470,growth,west,1,2
C004471,new,north,0,1
C004472,growth,north,0,3
C004473,occasional,west,1,2
C004474,high_value,west,1,3
C004475,occasional,south,1,1
C004476,occasional,east,1,0
C004477,occasional,east,1,1
C004478,growth,east,0,4
C004479,new,west,0,0
C004480,new,south,0,0
C004481,occasional,west,1,1
C004482,occasional,north,1,1
C004483,occasional,north,1,1
C004484,growth,west,1,3
C004485,new,north,1,0
C004486,growth,west,0,4
C004487,occasional,south,1,1
C004488,high_value,south,1,3
C004489,growth,north,1,1
C004490,occasional,west,0,2
C004491,occasional,south,1,0
C004492,new,north,0,0
C004493,new,south,0,0
C004494,high_value,north,1,7
C004495,growth,west,0,2
C004496,growth,north,1,1
C004497,occasional,south,1,2
C004498,occasional,south,1,0
C004499,new,north,1,0
C004500,occasional,north,0,1
C004501,high_value,east,0,2
C004502,occasional,south,1,1
C004503,occasional,north,1,0
C004504,occasional,north,1,1
C004505,high_value,west,1,3
C004506,growth,east,0,1
C004507,growth,east,1,3
C004508,growth,west,0,3
C004509,occasional,north,1,1
C004510,growth,east,0,1
C004511,occasional,west,1,2
C004512,occasional,north,1,1
C004513,new,east,0,0
C004514,high_value,west,1,10
C004515,high_value,east,1,6
C004516,growth,north,0,1
C004517,growth,east,1,5
C004518,growth,west,1,2
C004519,occasional,north,1,1
C004520,growth,east,1,2
C004521,high_value,east,1,4
C004522,growth,south,0,2
C004523,occasional,north,1,2
C004524,new,north,1,0
C004525,occasional,west,1,1
C004526,occasional,west,1,0
C004527,occasional,south,0,1
C004528,occasional,west,1,0
C004529,growth,west,1,1
C004530,occasional,east,1,0
C004531,occasional,east,0,1
C004532,growth,west,1,1
C004533,occasional,east,1,1
C004534,occasional,west,0,1
C004535,occasional,west,1,1
C004536,high_value,north,1,4
C004537,occasional,east,0,1
C004538,new,east,0,1
C004539,high_value,west,1,6
C004540,growth,south,0,3
C004541,high_value,west,1,7
C004542,high_value,south,0,7
C004543,new,south,1,0
C004544,occasional,north,1,0
C004545,growth,south,1,1
C004546,growth,west,0,1
C004547,new,east,0,0
C004548,growth,east,1,1
C004549,occasional,west,1,0
C004550,growth,south,1,1
C004551,high_value,east,1,2
C004552,occasional,south,0,1
C004553,high_value,west,1,5
C004554,occasional,south,0,2
C004555,growth,west,0,2
C004556,occasional,east,1,1
C004557,occasional,west,1,1
C004558,occasional,west,0,0
C004559,high_value,west,0,11
C004560,occasional,south,0,0
C004561,new,east,1,1
C004562,growth,south,1,3
C004563,growth,north,0,3
C004564,new,east,1,0
C004565,growth,south,0,4
C004566,occasional,south,0,2
C004567,occasional,north,1,0
C004568,high_value,east,1,7
C004569,occasional,east,1,0
C004570,occasional,north,0,0
C004571,growth,east,1,2
C004572,new,north,1,0
C004573,growth,north,0,4
C004574,growth,south,0,2
C004575,new,south,1,1
C004576,growth,west,0,2
C004577,new,north,1,1
C004578,high_value,south,0,5
C004579,occasional,east,0,1
C004580,high_value,north,1,7
C004581,occasional,west,1,2
C004582,occasional,east,1,2
C004583,new,west,0,0
C004584,new,west,0,0
C004585,occasional,north,1,1
C004586,occasional,south,0,1
C004587,occasional,east,1,1
C004588,new,north,0,1
C004589,occasional,south,0,0
C004590,new,east,1,0
C004591,growth,west,1,6
C004592,occasional,south,0,1
C004593,occasional,west,0,2
C004594,growth,east,1,1
C004595,growth,north,0,3
C004596,new,south,1,0
C004597,growth,west,1,1
C004598,growth,north,0,1
C004599,growth,north,1,3
C004600,growth,south,0,5
C004601,occasional,west,0,1
C004602,new,east,1,0
C004603,new,north,1,0
C004604,occasional,south,1,0
C004605,occasional,west,1,0
C004606,growth,north,0,1
C004607,new,east,1,2
C004608,growth,south,0,2
C004609,high_value,west,1,4
C004610,new,west,1,0
C004611,new,west,0,0
C004612,growth,north,1,3
C004613,occasional,south,0,0
C004614,occasional,east,0,1
C004615,growth,south,0,2
C004616,growth,east,1,3
C004617,high_value,east,1,7
C004618,occasional,south,0,1
C004619,growth,north,1,2
C004620,occasional,west,0,0
C004621,growth,west,0,1
C004622,new,west,1,0
C004623,occasional,south,0,0
C004624,new,south,0,0
C004625,high_value,south,1,6
C004626,occasional,north,0,0
C004627,new,north,0,1
C004628,growth,south,1,4
C004629,growth,west,0,3
C004630,growth,north,1,6
C004631,growth,east,1,5
C004632,growth,east,0,0
C004633,growth,south,0,3
C004634,growth,west,1,0
C004635,occasional,north,0,0
C004636,high_value,west,1,5
C004637,growth,east,1,4
C004638,occasional,south,1,1
C004639,growth,west,0,3
C004640,growth,south,1,4
C004641,growth,west,1,0
C004642,high_value,north,0,4
C004643,occasional,north,1,0
C004644,high_value,east,1,6
C004645,growth,west,1,2
C004646,new,north,0,0
C004647,new,west,0,0
C004648,growth,west,0,3
C004649,growth,south,1,0
C004650,occasional,west,1,1
C004651,new,west,0,0
C004652,new,north,1,0
C004653,high_value,west,1,7
C004654,high_value,east,1,2
C004655,growth,north,1,4
C004656,new,east,1,0
C004657,new,east,0,0
C004658,high_value,west,1,4
C004659,occasional,west,1,0
C004660,growth,south,1,2
C004661,occasional,south,0,1
C004662,new,north,1,0
C004663,occasional,north,0,1
C004664,high_value,east,1,2
C004665,occasional,west,0,2
C004666,growth,north,1,2
C004667,new,east,1,0
C004668,growth,east,0,4
C004669,new,north,0,0
C004670,growth,north,0,1
C004671,growth,south,0,2
C004672,growth,east,0,1
C004673,high_value,south,1,2
C004674,growth,west,1,1
C004675,occasional,south,1,0
C004676,high_value,north,0,2
C004677,high_value,north,1,7
C004678,high_value,south,1,10
C004679,high_value,south,1,4
C004680,new,east,1,0
C004681,new,south,1,0
C004682,high_value,north,1,9
C004683,occasional,north,1,0
C004684,occasional,east,0,2
C004685,new,south,1,2
C004686,growth,east,1,0
C004687,growth,west,1,0
C004688,occasional,south,1,2
C004689,new,east,1,0
C004690,occasional,west,1,0
C004691,occasional,north,1,0
C004692,growth,east,0,2
C004693,occasional,south,1,2
C004694,new,east,1,0
C004695,growth,east,1,2
C004696,occasional,north,1,0
C004697,growth,north,1,4
C004698,occasional,north,1,2
C004699,occasional,north,1,0
C004700,occasional,north,1,2
C004701,new,east,0,0
C004702,growth,west,1,2
C004703,growth,south,1,1
C004704,growth,west,1,1
C004705,high_value,east,1,4
C004706,growth,west,0,1
C004707,high_value,east,1,9
C004708,growth,north,1,1
C004709,growth,east,0,2
C004710,growth,east,1,4
C004711,occasional,east,1,2
C004712,growth,west,1,2
C004713,occasional,north,0,0
C004714,new,east,1,1
C004715,occasional,west,0,0
C004716,growth,north,1,2
C004717,growth,south,0,4
C004718,occasional,west,1,2
C004719,occasional,north,0,0
C004720,high_value,north,1,3
C004721,growth,west,1,1
C004722,occasional,north,1,0
C004723,growth,east,0,0
C004724,occasional,west,0,1
C004725,high_value,south,0,1
C004726,growth,south,0,3
C004727,new,south,1,0
C004728,growth,south,0,1
C004729,occasional,south,1,0
C004730,growth,east,0,3
C004731,growth,west,0,2
C004732,new,west,1,0
C004733,growth,west,1,3
C004734,growth,north,0,2
C004735,new,south,0,0
C004736,occasional,west,0,0
C004737,occasional,east,1,1
C004738,high_value,south,1,4
C004739,high_value,south,0,4
C004740,occasional,north,0,1
C004741,growth,south,1,2
C004742,growth,south,1,1
C004743,occasional,south,0,0
C004744,growth,east,0,3
C004745,high_value,south,1,3
C004746,high_value,north,0,4
C004747,growth,west,0,0
C004748,occasional,south,1,2
C004749,new,south,1,1
C004750,high_value,east,1,4
C004751,growth,east,0,2
C004752,occasional,east,1,2
C004753,growth,north,0,3
C004754,occasional,east,1,0
C004755,new,north,1,2
C004756,occasional,west,0,1
C004757,growth,south,0,1
C004758,new,south,1,0
C004759,high_value,south,1,6
C004760,new,south,1,0
C004761,occasional,east,1,0
C004762,occasional,south,1,1
C004763,new,north,1,1
C004764,occasional,east,1,0
C004765,growth,south,0,3
C004766,growth,north,0,1
C004767,occasional,west,0,2
C004768,occasional,south,1,1
C004769,growth,east,1,5
C004770,occasional,north,1,4
C004771,occasional,south,0,0
C004772,growth,south,1,2
C004773,high_value,north,1,4
C004774,growth,west,1,2
C004775,high_value,south,0,5
C004776,high_value,east,1,3
C004777,growth,east,1,1
C004778,high_value,south,0,2
C004779,growth,east,1,3
C004780,occasional,east,1,0
C004781,growth,north,1,7
C004782,new,east,0,0
C004783,new,north,0,0
C004784,occasional,south,1,0
C004785,new,south,0,0
C004786,new,south,0,0
C004787,growth,north,1,4
C004788,occasional,east,1,0
C004789,high_value,south,1,7
C004790,occasional,north,0,1
C004791,occasional,north,1,0
C004792,high_value,east,0,4
C004793,growth,east,1,0
C004794,new,east,0,1
C004795,growth,east,1,4
C004796,growth,west,0,2
C004797,growth,west,1,2
C004798,occasional,west,1,0
C004799,new,west,1,0
C004800,occasional,west,1,1
C004801,growth,south,1,5
C004802,growth,east,0,5
C004803,high_value,east,1,0
C004804,occasional,north,1,1
C004805,new,east,1,0
C004806,occasional,east,1,1
C004807,growth,east,1,0
C004808,occasional,west,1,0
C004809,growth,east,1,1
C004810,occasional,west,0,0
C004811,occasional,west,1,0
C004812,occasional,west,0,1
C004813,occasional,south,0,1
C004814,new,north,0,0
C004815,growth,south,1,1
C004816,high_value,east,0,3
C004817,growth,west,1,1
C004818,occasional,west,0,0
C004819,occasional,east,1,2
C004820,occasional,east,0,2
C004821,occasional,west,0,2
C004822,growth,east,0,2
C004823,occasional,north,1,1
C004824,occasional,east,0,0
C004825,growth,south,1,4
C004826,growth,east,0,2
C004827,growth,east,1,2
C004828,growth,south,0,4
C004829,occasional,south,1,1
C004830,new,north,1,1
C004831,occasional,south,1,1
C004832,growth,west,1,2
C004833,occasional,east,1,1
C004834,occasional,west,0,4
C004835,growth,west,0,1
C004836,new,west,0,0
C004837,high_value,north,0,3
C004838,high_value,south,1,4
C004839,high_value,north,1,6
C004840,growth,north,1,2
C004841,new,north,1,1
C004842,growth,south,1,2
C004843,growth,north,0,6
C004844,growth,west,0,1
C004845,growth,east,0,2
C004846,growth,east,1,1
C004847,high_value,east,0,2
C004848,occasional,west,1,0
C004849,high_value,north,0,5
C004850,occasional,south,1,0
C004851,growth,south,1,2
C004852,occasional,east,1,1
C004853,new,east,1,0
C004854,high_value,west,1,4
C004855,high_value,east,1,5
C004856,new,north,1,0
C004857,occasional,east,0,2
C004858,occasional,west,1,0
C004859,high_value,east,1,6
C004860,growth,east,0,0
C004861,occasional,north,1,1
C004862,new,north,0,0
C004863,growth,north,1,2
C004864,occasional,north,1,1
C004865,occasional,south,1,3
C004866,high_value,west,1,4
C004867,growth,south,0,1
C004868,growth,east,0,3
C004869,growth,west,1,5
C004870,occasional,west,0,0
C004871,growth,east,1,2
C004872,growth,west,1,0
C004873,occasional,south,0,1
C004874,occasional,south,0,0
C004875,occasional,south,1,2
C004876,occasional,west,1,2
C004877,growth,south,1,2
C004878,occasional,west,1,0
C004879,growth,north,0,1
C004880,growth,north,1,6
C004881,high_value,east,0,5
C004882,occasional,west,1,0
C004883,occasional,east,1,1
C004884,growth,south,1,5
C004885,new,north,1,0
C004886,new,south,1,0
C004887,high_value,south,0,5
C004888,occasional,south,0,0
C004889,growth,west,0,4
C004890,new,west,1,0
C004891,growth,west,0,3
C004892,growth,north,0,4
C004893,growth,north,0,5
C004894,growth,south,1,2
C004895,occasional,east,1,0
C004896,occasional,east,0,1
C004897,growth,south,1,0
C004898,occasional,north,1,2
C004899,new,south,1,0
C004900,occasional,west,1,1
C004901,occasional,west,1,1
C004902,growth,west,0,1
C004903,growth,east,0,2
C004904,new,north,1,2
C004905,occasional,west,1,0
C004906,occasional,north,0,1
C004907,new,south,1,1
C004908,high_value,west,1,2
C004909,occasional,east,1,0
C004910,growth,north,1,2
C004911,high_value,east,0,7
C004912,occasional,north,1,0
C004913,growth,south,0,1
C004914,new,west,1,0
C004915,growth,south,0,3
C004916,new,west,0,0
C004917,occasional,east,1,1
C004918,occasional,east,1,1
C004919,new,east,1,1
C004920,growth,east,0,1
C004921,growth,north,0,1
C004922,growth,west,1,7
C004923,growth,south,1,4
C004924,new,east,0,0
C004925,occasional,east,0,0
C004926,growth,east,1,3
C004927,growth,south,1,2
C004928,occasional,west,1,1
C004929,occasional,north,0,2
C004930,growth,east,1,2
C004931,occasional,east,0,0
C004932,occasional,east,1,1
C004933,occasional,north,1,2
C004934,growth,south,1,1
C004935,occasional,north,0,2
C004936,growth,east,1,1
C004937,growth,east,0,1
C004938,occasional,east,1,1
C004939,occasional,west,0,1
C004940,growth,south,0,3
C004941,new,south,0,0
C004942,high_value,south,1,4
C004943,occasional,north,0,0
C004944,new,west,1,0
C004945,occasional,west,1,2
C004946,new,south,0,0
C004947,occasional,west,0,0
C004948,occasional,north,1,2
C004949,occasional,north,0,1
C004950,occasional,south,1,0
C004951,growth,south,0,2
C004952,occasional,north,0,1
C004953,growth,east,0,2
C004954,new,west,0,0
C004955,growth,south,0,2
C004956,growth,south,0,1
C004957,new,north,1,0
C004958,growth,south,1,2
C004959,growth,west,0,3
C004960,occasional,west,1,0
C004961,growth,north,0,4
C004962,growth,north,1,1
C004963,occasional,west,0,1
C004964,growth,north,1,4
C004965,growth,east,0,1
C004966,high_value,west,0,6
C004967,growth,west,1,2
C004968,growth,east,0,1
C004969,high_value,south,1,5
C004970,occasional,west,0,0
C004971,occasional,east,0,0
C004972,high_value,west,1,2
C004973,growth,east,1,5
C004974,new,west,1,0
C004975,occasional,west,1,0
C004976,growth,north,0,3
C004977,occasional,south,1,0
C004978,growth,west,0,1
C004979,new,north,0,1
C004980,new,east,0,0
C004981,new,south,1,0
C004982,growth,north,1,1
C004983,growth,east,0,1
C004984,growth,west,0,1
C004985,growth,west,0,3
C004986,growth,south,1,6
C004987,occasional,north,1,2
C004988,growth,west,0,3
C004989,new,west,0,0
C004990,high_value,east,1,4
C004991,high_value,east,0,4
C004992,new,east,1,0
C004993,occasional,north,1,1
C004994,growth,north,1,3
C004995,occasional,north,1,1
C004996,growth,west,1,3
C004997,growth,north,1,3
C004998,occasional,east,1,1
C004999,growth,south,1,5
C005000,occasional,north,1,0
C005001,growth,west,1,4
C005002,occasional,north,0,1
C005003,occasional,west,0,1
C005004,growth,west,1,3
C005005,high_value,west,1,4
C005006,growth,north,0,3
C005007,occasional,west,0,0
C005008,occasional,east,0,0
C005009,occasional,south,0,1
C005010,growth,east,0,1
C005011,growth,south,0,4
C005012,occasional,south,1,1
C005013,growth,south,0,3
C005014,occasional,east,0,0
C005015,growth,east,0,0
C005016,growth,north,1,0
C005017,occasional,north,1,0
C005018,occasional,west,1,0
C005019,occasional,east,1,0
C005020,growth,west,0,1
C005021,new,south,0,0
C005022,new,south,1,1
C005023,new,south,0,0
C005024,occasional,east,1,0
C005025,occasional,west,1,1
C005026,occasional,east,1,0
C005027,growth,south,1,3
C005028,growth,west,0,0
C005029,occasional,east,0,0
C005030,high_value,south,0,7
C005031,high_value,north,1,2
C005032,new,east,0,0
C005033,high_value,east,1,3
C005034,occasional,west,1,0
C005035,occasional,north,1,3
C005036,growth,north,0,1
C005037,new,west,0,0
C005038,growth,east,1,0
C005039,new,north,0,1
C005040,occasional,north,1,0
C005041,growth,south,1,2
C005042,growth,east,0,4
C005043,growth,north,0,5
C005044,growth,south,0,1
C005045,growth,east,0,2
C005046,new,west,1,0
C005047,growth,south,0,1
C005048,new,south,0,0
C005049,growth,south,1,3
C005050,new,north,1,0
C005051,growth,north,1,1
C005052,growth,west,0,3
C005053,occasional,north,0,1
C005054,high_value,west,0,7
C005055,new,north,1,0
C005056,growth,east,1,7
C005057,occasional,west,1,2
C005058,occasional,east,1,0
C005059,occasional,east,1,2
C005060,high_value,south,1,5
C005061,growth,east,1,3
C005062,growth,east,1,2
C005063,growth,south,0,3
C005064,high_value,north,1,3
C005065,new,west,1,1
C005066,occasional,north,1,1
C005067,occasional,west,0,0
C005068,growth,west,0,5
C005069,growth,north,0,1
C005070,occasional,east,0,2
C005071,growth,east,0,2
C005072,growth,north,0,2
C005073,occasional,west,1,0
C005074,occasional,north,1,0
C005075,new,north,1,0
C005076,growth,west,1,2
C005077,occasional,east,1,1
C005078,high_value,north,1,6
C005079,growth,north,1,3
C005080,occasional,south,1,1
C005081,growth,north,1,3
C005082,occasional,north,1,0
C005083,growth,east,1,3
C005084,high_value,north,1,3
C005085,new,south,0,0
C005086,growth,south,1,3
C005087,occasional,west,1,0
C005088,growth,west,1,4
C005089,new,west,1,0
C005090,growth,south,1,0
C005091,growth,east,1,3
C005092,occasional,east,1,0
C005093,growth,west,0,3
C005094,growth,east,0,5
C005095,new,west,1,0
C005096,occasional,east,1,0
C005097,occasional,west,0,2
C005098,occasional,east,1,0
C005099,new,east,0,0
C005100,new,east,1,0
C005101,occasional,south,1,1
C005102,growth,east,1,2
C005103,high_value,south,0,8
C005104,occasional,east,0,1
C005105,new,south,0,0
C005106,occasional,west,1,2
C005107,growth,east,0,1
C005108,growth,east,1,2
C005109,occasional,north,1,3
C005110,new,west,0,1
C005111,growth,west,0,1
C005112,occasional,north,1,0
C005113,occasional,south,1,0
C005114,new,east,1,1
C005115,high_value,west,1,4
C005116,new,east,1,1
C005117,occasional,south,0,0
C005118,occasional,south,1,2
C005119,high_value,west,0,2
C005120,occasional,west,1,1
C005121,occasional,west,1,0
C005122,growth,south,1,1
C005123,growth,south,1,2
C005124,occasional,north,1,0
C005125,occasional,west,0,3
C005126,high_value,west,0,7
C005127,growth,north,1,3
C005128,growth,north,1,2
C005129,new,east,0,0
C005130,new,south,1,0
C005131,growth,south,0,1
C005132,growth,south,0,2
C005133,growth,east,0,2
C005134,occasional,west,1,1
C005135,new,west,0,1
C005136,occasional,south,1,1
C005137,high_value,west,1,6
C005138,high_value,east,0,2
C005139,growth,north,1,3
C005140,new,west,0,1
C005141,occasional,south,1,0
C005142,occasional,east,1,1
C005143,growth,east,0,3
C005144,new,west,0,0
C005145,growth,west,1,3
C005146,new,west,0,0
C005147,new,east,1,0
C005148,occasional,south,0,2
C005149,new,south,0,0
C005150,growth,west,0,5
C005151,occasional,north,1,5
C005152,high_value,east,1,4
C005153,occasional,east,0,1
C005154,growth,north,1,1
C005155,high_value,east,1,7
C005156,high_value,south,0,3
C005157,growth,south,0,1
C005158,occasional,east,0,1
C005159,occasional,north,0,2
C005160,growth,north,0,0
C005161,new,south,1,0
C005162,new,east,0,0
C005163,high_value,north,0,2
C005164,growth,south,0,0
C005165,occasional,south,1,1
C005166,occasional,east,1,1
C005167,growth,south,1,1
C005168,occasional,north,0,1
C005169,high_value,east,1,7
C005170,growth,west,0,4
C005171,occasional,east,0,0
C005172,occasional,south,1,0
C005173,new,south,0,0
C005174,high_value,north,1,5
C005175,growth,north,1,0
C005176,high_value,south,1,4
C005177,growth,east,1,3
C005178,high_value,south,0,3
C005179,occasional,west,1,2
C005180,occasional,east,1,0
C005181,occasional,north,1,2
C005182,growth,east,0,6
C005183,high_value,east,1,3
C005184,occasional,north,1,1
C005185,high_value,south,0,5
C005186,new,west,1,1
C005187,high_value,south,1,7
C005188,occasional,south,1,1
C005189,new,north,0,0
C005190,occasional,north,0,5
C005191,occasional,south,1,2
C005192,occasional,west,0,0
C005193,high_value,west,0,6
C005194,occasional,east,0,1
C005195,new,west,0,0
C005196,new,east,0,1
C005197,growth,east,1,2
C005198,growth,south,1,4
C005199,occasional,north,0,0
C005200,occasional,south,1,1
C005201,growth,west,1,1
C005202,growth,east,0,4
C005203,growth,west,0,3
C005204,occasional,north,0,2
C005205,growth,north,0,2
C005206,high_value,south,1,3
C005207,high_value,south,0,8
C005208,new,west,0,0
C005209,high_value,south,1,4
C005210,high_value,east,1,7
C005211,occasional,east,0,1
C005212,growth,south,1,2
C005213,new,west,1,1
C005214,new,north,1,0
C005215,growth,north,1,1
C005216,growth,east,1,2
C005217,growth,east,0,7
C005218,high_value,south,0,2
C005219,growth,west,0,3
C005220,high_value,north,1,2
C005221,high_value,south,1,6
C005222,occasional,north,1,1
C005223,high_value,north,0,4
C005224,high_value,east,0,4
C005225,occasional,east,1,0
C005226,growth,east,0,5
C005227,high_value,west,1,6
C005228,high_value,north,1,5
C005229,growth,east,0,1
C005230,growth,north,1,5
C005231,new,west,0,0
C005232,new,east,1,0
C005233,growth,west,0,1
C005234,growth,east,1,1
C005235,occasional,south,1,0
C005236,occasional,east,1,2
C005237,growth,west,0,4
C005238,high_value,north,1,5
C005239,growth,west,0,5
C005240,occasional,east,1,1
C005241,high_value,north,1,4
C005242,growth,west,1,4
C005243,growth,north,0,2
C005244,growth,east,1,3
C005245,occasional,north,1,2
C005246,occasional,north,1,3
C005247,occasional,east,1,1
C005248,growth,east,1,1
C005249,high_value,east,1,4
C005250,new,south,1,0
C005251,occasional,west,0,0
C005252,high_value,north,1,3
C005253,growth,west,0,2
C005254,new,south,1,0
C005255,occasional,east,0,1
C005256,new,west,0,0
C005257,occasional,south,1,0
C005258,growth,south,1,3
C005259,growth,west,1,1
C005260,growth,west,0,2
C005261,occasional,north,1,0
C005262,occasional,east,0,2
C005263,growth,south,1,2
C005264,new,east,1,0
C005265,growth,south,0,1
C005266,high_value,north,0,7
C005267,growth,west,0,4
C005268,new,east,0,1
C005269,new,south,0,0
C005270,occasional,north,1,1
C005271,new,north,0,1
C005272,new,south,0,0
C005273,new,east,0,0
C005274,new,south,0,0
C005275,growth,east,1,7
C005276,occasional,south,0,3
C005277,occasional,north,0,1
C005278,occasional,east,1,1
C005279,growth,north,0,1
C005280,occasional,north,1,1
C005281,new,north,1,0
C005282,growth,south,1,1
C005283,new,east,0,1
C005284,growth,west,0,1
C005285,growth,north,1,1
C005286,high_value,north,1,0
C005287,occasional,north,1,0
C005288,occasional,south,1,1
C005289,growth,north,1,3
C005290,occasional,south,1,1
C005291,growth,west,0,4
C005292,growth,south,1,5
C005293,new,east,1,0
C005294,occasional,east,0,0
C005295,occasional,north,1,0
C005296,occasional,north,0,1
C005297,new,south,1,0
C005298,growth,south,1,2
C005299,growth,north,1,2
C005300,high_value,east,1,4
C005301,occasional,south,0,0
C005302,occasional,south,0,0
C005303,occasional,east,0,1
C005304,growth,west,1,2
C005305,high_value,west,0,7
C005306,occasional,west,1,1
C005307,new,south,1,3
C005308,growth,north,0,3
C005309,growth,north,1,1
C005310,growth,south,1,2
C005311,growth,south,1,1
C005312,growth,north,1,0
C005313,growth,north,0,4
C005314,occasional,north,1,0
C005315,growth,east,0,1
C005316,growth,south,1,2
C005317,high_value,north,0,4
C005318,new,east,0,0
C005319,growth,west,0,2
C005320,growth,south,1,4
C005321,high_value,south,1,5
C005322,occasional,south,0,2
C005323,new,south,0,0
C005324,high_value,south,1,5
C005325,high_value,west,1,3
C005326,high_value,west,0,7
C005327,occasional,south,1,1
C005328,new,west,1,1
C005329,growth,west,0,4
C005330,growth,north,1,4
C005331,occasional,south,1,1
C005332,occasional,east,0,0
C005333,growth,south,1,5
C005334,growth,south,1,0
C005335,growth,south,1,5
C005336,occasional,east,1,0
C005337,occasional,south,1,0
C005338,occasional,east,0,0
C005339,new,north,1,0
C005340,growth,west,1,1
C005341,growth,north,1,4
C005342,high_value,north,1,2
C005343,new,north,1,0
C005344,occasional,south,1,1
C005345,growth,east,1,3
C005346,high_value,west,1,10
C005347,occasional,south,1,0
C005348,occasional,north,0,1
C005349,occasional,south,0,0
C005350,growth,north,0,1
C005351,new,south,1,1
C005352,occasional,east,0,0
C005353,occasional,north,1,4
C005354,occasional,west,1,1
C005355,new,north,0,0
C005356,new,east,0,0
C005357,occasional,west,1,2
C005358,growth,west,0,2
C005359,growth,east,1,2
C005360,new,east,1,1
C005361,occasional,north,1,0
C005362,high_value,north,1,4
C005363,high_value,south,0,5
C005364,new,east,1,0
C005365,new,east,1,0
C005366,new,west,0,0
C005367,growth,south,0,3
C005368,occasional,west,0,2
C005369,new,south,0,0
C005370,growth,north,0,0
C005371,high_value,east,0,7
C005372,new,north,1,0
C005373,high_value,south,0,6
C005374,occasional,west,1,0
C005375,occasional,west,1,2
C005376,occasional,south,1,0
C005377,growth,north,1,5
C005378,occasional,north,0,1
C005379,growth,north,0,1
C005380,new,west,1,0
C005381,growth,west,1,3
C005382,occasional,east,1,0
C005383,occasional,east,0,0
C005384,growth,south,1,2
C005385,growth,north,1,1
C005386,occasional,north,0,0
C005387,high_value,east,1,3
C005388,growth,north,1,2
C005389,occasional,north,1,2
C005390,new,west,1,0
C005391,occasional,east,0,0
C005392,growth,south,1,5
C005393,new,north,1,1
C005394,occasional,north,0,1
C005395,growth,south,0,2
C005396,growth,south,1,2
C005397,growth,east,0,1
C005398,growth,north,1,2
C005399,occasional,north,1,2
C005400,high_value,north,0,4
C005401,occasional,south,1,0
C005402,growth,south,1,3
C005403,growth,north,0,2
C005404,high_value,east,0,9
C005405,occasional,south,0,1
C005406,occasional,north,0,1
C005407,growth,east,1,3
C005408,growth,south,0,1
C005409,growth,south,1,3
C005410,new,south,0,1
C005411,growth,north,1,4
C005412,occasional,south,1,2
C005413,growth,east,1,4
C005414,growth,north,0,1
C005415,occasional,east,1,0
C005416,occasional,north,1,1
C005417,high_value,east,0,1
C005418,new,north,0,0
C005419,high_value,north,1,2
C005420,growth,south,1,1
C005421,growth,east,0,2
C005422,occasional,east,1,0
C005423,occasional,south,1,0
C005424,high_value,north,0,3
C005425,new,south,1,0
C005426,occasional,west,1,1
C005427,new,north,1,0
C005428,new,east,1,0
C005429,new,south,1,0
C005430,occasional,north,0,0
C005431,growth,east,1,3
C005432,growth,north,0,1
C005433,occasional,south,0,2
C005434,growth,north,0,4
C005435,occasional,east,1,3
C005436,high_value,north,0,4
C005437,new,north,1,0
C005438,growth,east,0,1
C005439,new,west,1,4
C005440,growth,north,0,2
C005441,high_value,south,1,7
C005442,new,west,0,0
C005443,new,south,1,0
C005444,occasional,south,1,1
C005445,new,west,0,0
C005446,growth,east,1,7
C005447,new,south,0,0
C005448,growth,west,0,2
C005449,occasional,east,0,0
C005450,growth,east,0,1
C005451,high_value,south,0,2
C005452,occasional,west,0,2
C005453,occasional,west,1,1
C005454,growth,west,1,1
C005455,new,east,0,0
C005456,occasional,south,1,0
C005457,growth,north,1,0
C005458,occasional,north,1,2
C005459,growth,west,1,3
C005460,high_value,south,1,4
C005461,occasional,north,0,0
C005462,high_value,north,0,5
C005463,high_value,north,0,7
C005464,occasional,east,1,3
C005465,high_value,east,0,5
C005466,new,south,0,0
C005467,occasional,east,1,1
C005468,high_value,south,1,8
C005469,occasional,west,1,0
C005470,high_value,west,0,7
C005471,occasional,north,1,1
C005472,high_value,south,1,4
C005473,new,west,1,0
C005474,growth,east,1,1
C005475,occasional,west,1,3
C005476,high_value,south,0,0
C005477,growth,north,1,0
C005478,occasional,west,0,0
C005479,occasional,west,1,2
C005480,new,east,1,0
C005481,high_value,south,0,5
C005482,high_value,north,0,4
C005483,growth,east,0,3
C005484,growth,east,1,3
C005485,new,east,1,0
C005486,new,north,0,1
C005487,new,east,1,0
C005488,high_value,east,0,4
C005489,growth,west,1,2
C005490,occasional,east,1,1
C005491,growth,east,0,3
C005492,occasional,south,0,0
C005493,growth,east,0,1
C005494,growth,east,0,2
C005495,new,west,1,0
C005496,growth,west,0,4
C005497,new,north,0,0
C005498,growth,west,1,2
C005499,high_value,west,1,5
C005500,growth,east,0,2
C005501,growth,east,1,1
C005502,occasional,east,0,1
C005503,high_value,south,1,1
C005504,occasional,south,0,1
C005505,new,west,0,0
C005506,growth,west,0,4
C005507,growth,north,0,0
C005508,growth,west,1,1
C005509,occasional,south,0,1
C005510,occasional,north,0,1
C005511,high_value,west,0,3
C005512,occasional,north,0,2
C005513,occasional,north,0,2
C005514,growth,south,0,3
C005515,high_value,south,1,6
C005516,new,north,1,0
C005517,growth,north,0,2
C005518,growth,south,1,2
C005519,high_value,north,1,3
C005520,occasional,north,0,1
C005521,growth,west,1,5
C005522,growth,east,1,1
C005523,growth,north,1,2
C005524,occasional,north,0,0
C005525,growth,west,0,2
C005526,new,south,0,1
C005527,growth,north,0,8
C005528,growth,east,0,2
C005529,new,west,1,1
C005530,new,south,1,0
C005531,growth,east,1,1
C005532,new,south,1,0
C005533,occasional,north,1,1
C005534,growth,west,1,4
C005535,new,west,0,0
C005536,occasional,west,0,2
C005537,growth,north,1,2
C005538,occasional,east,0,0
C005539,growth,east,0,3
C005540,high_value,north,0,3
C005541,new,west,0,0
C005542,occasional,north,0,0
C005543,occasional,south,1,0
C005544,occasional,west,0,0
C005545,occasional,east,1,2
C005546,growth,east,1,3
C005547,new,south,1,0
C005548,occasional,west,1,0
C005549,occasional,north,1,2
C005550,occasional,east,1,2
C005551,growth,north,1,1
C005552,high_value,north,1,7
C005553,growth,east,1,2
C005554,growth,south,0,4
C005555,occasional,north,0,0
C005556,new,west,0,0
C005557,growth,south,1,1
C005558,growth,west,0,3
C005559,occasional,north,1,1
C005560,high_value,north,1,4
C005561,new,south,1,1
C005562,growth,east,0,1
C005563,high_value,south,0,5
C005564,growth,north,0,1
C005565,new,east,0,0
C005566,growth,west,1,3
C005567,occasional,north,0,3
C005568,growth,south,1,3
C005569,growth,south,1,2
C005570,new,east,0,0
C005571,high_value,north,0,2
C005572,high_value,north,1,5
C005573,occasional,north,1,3
C005574,new,east,1,1
C005575,growth,north,1,2
C005576,high_value,east,1,8
C005577,new,south,0,3
C005578,occasional,south,1,1
C005579,new,west,1,0
C005580,occasional,west,1,0
C005581,occasional,west,0,2
C005582,growth,west,1,3
C005583,growth,north,1,4
C005584,occasional,west,0,1
C005585,occasional,north,0,1
C005586,new,south,1,1
C005587,occasional,east,0,0
C005588,growth,east,1,1
C005589,occasional,east,0,0
C005590,occasional,east,1,0
C005591,growth,south,0,4
C005592,occasional,east,0,3
C005593,occasional,south,0,2
C005594,high_value,south,0,5
C005595,occasional,east,1,1
C005596,occasional,east,0,1
C005597,new,south,1,0
C005598,growth,north,1,2
C005599,occasional,south,1,0
C005600,occasional,south,0,0
C005601,occasional,north,0,2
C005602,high_value,north,0,3
C005603,new,west,1,0
C005604,new,south,0,0
C005605,occasional,east,0,2
C005606,occasional,north,0,2
C005607,high_value,west,1,5
C005608,occasional,north,1,1
C005609,growth,south,0,3
C005610,occasional,west,0,1
C005611,high_value,north,1,2
C005612,occasional,east,1,0
C005613,growth,west,1,3
C005614,occasional,north,1,0
C005615,occasional,north,0,1
C005616,growth,west,1,5
C005617,growth,south,1,2
C005618,new,west,0,0
C005619,occasional,west,1,2
C005620,high_value,west,1,2
C005621,growth,west,0,5
C005622,growth,west,1,3
C005623,occasional,south,0,2
C005624,occasional,west,0,1
C005625,high_value,south,0,6
C005626,occasional,east,1,0
C005627,occasional,north,0,0
C005628,occasional,west,1,2
C005629,high_value,east,0,3
C005630,growth,west,1,4
C005631,growth,south,1,3
C005632,growth,south,1,1
C005633,growth,east,0,5
C005634,high_value,west,0,2
C005635,high_value,east,1,6
C005636,occasional,west,0,0
C005637,growth,north,0,0
C005638,occasional,west,1,1
C005639,high_value,east,1,4
C005640,occasional,west,0,1
C005641,growth,north,0,0
C005642,occasional,south,0,0
C005643,occasional,north,0,2
C005644,growth,south,0,2
C005645,occasional,west,1,0
C005646,growth,east,0,3
C005647,occasional,west,1,1
C005648,high_value,east,0,3
C005649,growth,west,0,1
C005650,growth,west,0,3
C005651,new,east,1,0
C005652,growth,west,1,1
C005653,occasional,north,1,1
C005654,growth,east,0,1
C005655,growth,east,1,4
C005656,growth,west,1,3
C005657,new,east,0,0
C005658,occasional,north,1,0
C005659,high_value,east,1,5
C005660,occasional,west,1,0
C005661,growth,north,0,4
C005662,high_value,north,1,3
C005663,occasional,east,0,1
C005664,high_value,east,1,4
C005665,growth,east,1,2
C005666,occasional,north,1,1
C005667,growth,east,1,4
C005668,new,east,0,1
C005669,occasional,west,1,1
C005670,new,south,1,0
C005671,occasional,south,1,3
C005672,new,north,1,1
C005673,growth,east,1,1
C005674,occasional,east,1,1
C005675,occasional,south,0,2
C005676,new,east,1,1
C005677,growth,west,1,6
C005678,occasional,north,0,0
C005679,occasional,east,1,2
C005680,growth,east,0,3
C005681,new,north,0,0
C005682,growth,north,0,2
C005683,growth,south,0,2
C005684,occasional,north,0,2
C005685,growth,south,1,2
C005686,high_value,north,0,5
C005687,high_value,west,1,2
C005688,growth,east,1,2
C005689,occasional,south,0,1
C005690,new,west,0,1
C005691,occasional,north,0,0
C005692,high_value,east,1,5
C005693,occasional,east,0,1
C005694,new,west,1,0
C005695,occasional,north,0,0
C005696,growth,east,0,1
C005697,high_value,west,1,4
C005698,new,west,0,0
C005699,new,north,1,0
C005700,high_value,west,1,6
C005701,new,south,0,1
C005702,high_value,south,0,4
C005703,high_value,north,1,5
C005704,occasional,north,1,1
C005705,occasional,south,1,0
C005706,growth,north,1,2
C005707,new,east,1,0
C005708,new,east,1,0
C005709,high_value,south,1,3
C005710,occasional,east,0,0
C005711,occasional,east,1,0
C005712,occasional,north,1,1
C005713,new,south,0,0
C005714,occasional,west,1,1
C005715,high_value,north,0,4
C005716,growth,west,1,3
C005717,new,west,1,1
C005718,new,south,0,0
C005719,high_value,south,1,6
C005720,high_value,north,1,7
C005721,occasional,east,0,1
C005722,high_value,north,1,3
C005723,high_value,west,0,8
C005724,new,south,0,0
C005725,new,west,1,0
C005726,new,west,0,0
C005727,occasional,south,1,2
C005728,growth,east,1,2
C005729,new,north,0,1
C005730,growth,north,1,1
C005731,growth,east,0,3
C005732,new,south,1,1
C005733,occasional,south,1,0
C005734,new,north,0,0
C005735,growth,west,0,1
C005736,new,south,1,0
C005737,occasional,south,0,1
C005738,occasional,south,1,2
C005739,new,south,1,0
C005740,growth,east,0,0
C005741,occasional,west,0,1
C005742,occasional,east,1,1
C005743,occasional,north,0,0
C005744,new,west,1,0
C005745,occasional,south,0,1
C005746,high_value,north,0,3
C005747,growth,north,1,6
C005748,new,west,1,0
C005749,new,south,0,1
C005750,new,north,0,1
C005751,high_value,west,1,3
C005752,growth,south,1,1
C005753,occasional,west,1,0
C005754,occasional,west,0,0
C005755,high_value,north,0,6
C005756,occasional,east,0,2
C005757,high_value,east,1,4
C005758,occasional,north,0,2
C005759,growth,south,1,0
C005760,high_value,south,1,2
C005761,high_value,north,1,2
C005762,new,east,1,1
C005763,occasional,south,1,0
C005764,new,west,1,0
C005765,occasional,west,1,2
C005766,growth,east,0,0
C005767,growth,north,1,3
C005768,occasional,north,1,1
C005769,growth,north,1,4
C005770,occasional,south,1,1
C005771,new,west,1,0
C005772,new,north,0,0
C005773,growth,east,1,5
C005774,occasional,north,1,0
C005775,growth,south,0,2
C005776,high_value,east,1,7
C005777,occasional,west,0,0
C005778,occasional,west,1,0
C005779,occasional,east,0,0
C005780,high_value,north,1,9
C005781,new,south,1,1
C005782,new,west,0,0
C005783,occasional,north,1,1
C005784,new,east,0,0
C005785,growth,east,1,2
C005786,occasional,west,1,1
C005787,new,north,0,0
C005788,new,north,0,0
C005789,new,north,1,1
C005790,occasional,south,1,3
C005791,new,east,0,0
C005792,occasional,north,0,0
C005793,high_value,east,0,4
C005794,high_value,north,0,5
C005795,occasional,east,1,1
C005796,occasional,south,0,0
C005797,occasional,west,1,1
C005798,new,south,1,0
C005799,occasional,west,0,0
C005800,growth,north,1,0
C005801,growth,north,1,3
C005802,occasional,north,0,0
C005803,occasional,south,1,0
C005804,occasional,west,1,0
C005805,occasional,north,1,1
C005806,occasional,west,0,1
C005807,occasional,east,1,1
C005808,new,south,1,0
C005809,high_value,south,1,1
C005810,occasional,west,1,0
C005811,occasional,east,0,0
C005812,high_value,north,1,2
C005813,occasional,west,0,1
C005814,occasional,south,1,1
C005815,occasional,north,1,1
C005816,occasional,west,1,0
C005817,growth,west,0,2
C005818,growth,south,0,3
C005819,growth,east,1,1
C005820,growth,north,1,5
C005821,occasional,west,1,1
C005822,new,south,1,1
C005823,occasional,south,1,2
C005824,growth,east,0,4
C005825,growth,south,1,4
C005826,growth,east,0,2
C005827,occasional,east,0,1
C005828,growth,south,1,3
C005829,occasional,west,1,0
C005830,occasional,south,0,0
C005831,occasional,west,1,0
C005832,growth,south,1,1
C005833,growth,east,0,5
C005834,occasional,east,1,3
C005835,occasional,west,0,2
C005836,high_value,north,1,3
C005837,new,north,1,0
C005838,occasional,west,1,3
C005839,occasional,west,1,2
C005840,growth,east,1,2
C005841,growth,south,1,2
C005842,growth,south,1,0
C005843,growth,east,1,1
C005844,occasional,east,0,2
C005845,occasional,south,1,1
C005846,new,north,1,0
C005847,new,north,1,0
C005848,growth,south,1,3
C005849,high_value,east,1,6
C005850,occasional,south,1,0
C005851,new,east,1,0
C005852,new,south,0,0
C005853,high_value,south,0,7
C005854,growth,east,1,4
C005855,high_value,east,0,1
C005856,new,west,0,0
C005857,occasional,west,0,1
C005858,occasional,south,1,2
C005859,occasional,east,1,0
C005860,growth,south,1,5
C005861,occasional,west,1,1
C005862,high_value,east,0,3
C005863,occasional,west,1,0
C005864,occasional,south,1,0
C005865,occasional,north,1,0
C005866,growth,north,1,4
C005867,new,east,1,0
C005868,occasional,west,1,3
C005869,high_value,east,1,5
C005870,growth,west,1,1
C005871,occasional,south,1,1
C005872,growth,west,0,6
C005873,high_value,west,0,7
C005874,growth,north,1,4
C005875,growth,west,1,1
C005876,occasional,north,0,0
C005877,occasional,east,0,3
C005878,growth,south,1,5
C005879,occasional,south,1,1
C005880,growth,west,0,1
C005881,growth,east,1,0
C005882,growth,north,0,2
C005883,occasional,north,1,2
C005884,new,north,1,0
C005885,occasional,south,0,1
C005886,high_value,north,0,4
C005887,growth,south,1,5
C005888,growth,west,0,3
C005889,new,west,0,0
C005890,high_value,west,1,9
C005891,new,south,0,0
C005892,occasional,east,1,0
C005893,occasional,west,1,1
C005894,new,north,0,1
C005895,high_value,west,1,3
C005896,occasional,east,0,1
C005897,high_value,south,1,4
C005898,new,south,1,0
C005899,occasional,south,1,1
C005900,high_value,north,1,7
C005901,new,north,0,0
C005902,high_value,south,1,6
C005903,high_value,north,1,3
C005904,occasional,east,1,0
C005905,occasional,south,1,0
C005906,new,south,0,0
C005907,occasional,north,0,3
C005908,occasional,west,1,0
C005909,growth,east,1,0
C005910,high_value,south,0,6
C005911,new,east,1,0
C005912,high_value,south,1,7
C005913,occasional,north,0,0
C005914,growth,east,1,2
C005915,growth,west,1,5
C005916,occasional,east,1,1
C005917,occasional,east,0,1
C005918,occasional,north,1,0
C005919,new,east,0,0
C005920,growth,east,1,4
C005921,occasional,south,1,1
C005922,high_value,north,0,10
C005923,occasional,west,1,1
C005924,growth,south,1,3
C005925,occasional,south,1,2
C005926,growth,east,0,2
C005927,new,south,1,0
C005928,new,east,0,1
C005929,new,east,1,0
C005930,high_value,south,1,4
C005931,new,north,1,0
C005932,growth,north,1,3
C005933,growth,west,0,4
C005934,growth,east,1,2
C005935,growth,south,0,2
C005936,occasional,south,1,1
C005937,growth,east,1,0
C005938,growth,west,1,2
C005939,occasional,west,0,0
C005940,new,east,1,0
C005941,occasional,south,1,1
C005942,occasional,west,0,2
C005943,high_value,west,0,3
C005944,new,south,1,0
C005945,high_value,west,0,8
C005946,growth,west,1,1
C005947,high_value,west,1,5
C005948,occasional,north,1,0
C005949,growth,north,0,2
C005950,occasional,south,1,0
C005951,growth,west,0,2
C005952,occasional,north,0,2
C005953,occasional,north,1,1
C005954,high_value,north,1,0
C005955,growth,north,0,1
C005956,occasional,west,1,1
C005957,occasional,east,1,0
C005958,high_value,east,1,5
C005959,occasional,south,0,0
C005960,growth,east,1,3
C005961,high_value,west,1,4
C005962,growth,east,1,2
C005963,occasional,west,1,1
C005964,growth,east,0,1
C005965,occasional,south,1,1
C005966,growth,east,0,3
C005967,occasional,west,0,0
C005968,growth,west,1,0
C005969,occasional,south,0,1
C005970,occasional,east,0,1
C005971,growth,west,0,0
C005972,high_value,east,0,6
C005973,occasional,east,1,2
C005974,new,south,0,0
C005975,new,west,1,0
C005976,growth,west,0,2
C005977,occasional,north,1,2
C005978,growth,north,1,1
C005979,growth,north,0,1
C005980,occasional,south,1,1
C005981,occasional,north,1,1
C005982,occasional,west,0,2
C005983,new,west,0,1
C005984,growth,north,0,0
C005985,occasional,west,0,1
C005986,growth,north,0,0
C005987,high_value,west,0,2
C005988,growth,south,1,0
C005989,new,north,1,1
C005990,occasional,south,0,0
C005991,high_value,west,0,6
C005992,occasional,west,1,0
C005993,new,north,1,0
C005994,new,west,1,0
C005995,occasional,south,0,0
C005996,growth,south,0,1
C005997,occasional,north,1,1
C005998,new,west,1,0
C005999,new,west,1,1
C006000,new,east,0,0
